topology: 7 14 1
in: 0.849 0.198 0.541 0.513 0.608 0.934 0.795
out: 1
in: 0.231 0.251 0.769 0.876 0.011 0.878 0.283
out: 1
in: 0.697 0.693 0.576 0.999 0.376 0.655 0.769
out: 1
in: 0.81 0.83 0.261 0.089 0.817 0.18 0.342
out: 1
in: 0.465 0.62 0.693 0.27 0.502 0.594 0.928
out: 1
in: 0.227 0.196 0.868 0.893 0.309 0.869 0.277
out: 1
in: 0.918 0.495 0.522 0.461 0.687 0.837 0.454
out: 1
in: 0.195 0.688 0.392 0.779 0.384 0.211 0.523
out: 1
in: 0.478 0.951 0.969 0.652 0.232 0.625 0.946
out: 1
in: 0.787 0.673 0.447 0.41 0.556 0.109 0.933
out: 1
in: 0.658 0.521 0.151 0.644 0.612 0.476 0.5
out: 1
in: 0.806 0.138 0.792 0.339 0.849 0.577 0.516
out: 1
in: 0.773 0.784 0.959 0.024 0.996 0.158 0.133
out: 1
in: 0.911 0.85 0.049 0.615 0.028 0.381 0.058
out: 1
in: 0.045 0.913 0.474 0.862 0.745 0.948 0.99
out: 1
in: 0.059 0.402 0.158 0.198 0.698 0.379 0.57
out: 1
in: 0.456 0.176 0.139 0.358 0.098 0.772 0.789
out: 1
in: 0.13 0.894 0.909 0.374 0.394 0.292 0.028
out: 1
in: 0.954 0.075 0.985 0.99 0.872 0.625 0.967
out: 1
in: 0.445 0.999 0.507 0.487 0.017 0.414 0.837
out: 1
in: 0.414 0.885 0.541 0.559 0.836 0.945 0.043
out: 1
in: 0.085 0.799 0.408 0.806 0.662 0.527 0.419
out: 1
in: 0.292 0.385 0.648 0.016 0.565 0.744 0.484
out: 1
in: 0.012 0.23 0.242 0.983 0.378 0.146 0.268
out: 1
in: 0.672 0.242 0.493 0.071 0.694 0.477 0.753
out: 1
in: 0.787 0.961 0.678 0.184 0.871 0.926 0.465
out: 1
in: 0.144 0.038 0.398 0.762 0.15 0.949 0.196
out: 1
in: 0.192 0.1 0.257 0.093 0.454 0.191 0.812
out: 1
in: 0.52 0.141 0.827 0.595 0.276 0.105 0.473
out: 1
in: 0.433 0.754 0.58 0.826 0.088 0.035 0.551
out: 1
in: 0.809 0.243 0.832 0.614 0.985 0.588 0.733
out: 1
in: 0.594 0.492 0.247 0.071 0.139 0.318 0.476
out: 1
in: 0.911 0.922 0.731 0.766 0.47 0.422 0.332
out: 1
in: 0.539 0.24 0.807 0.539 0.572 0.836 0.23
out: 1
in: 0.645 0.656 0.949 0.545 0.549 0.185 0.427
out: 1
in: 0.329 0.908 0.311 0.84 0.08 0.514 0.811
out: 1
in: 0.807 0.519 0.953 0.145 0.114 0.049 0.977
out: 1
in: 0.655 0.697 0.314 0.644 0.746 0.686 0.016
out: 1
in: 0.854 0.41 0.223 0.73 0.967 0.517 0.573
out: 1
in: 0.089 0.65 0.679 0.461 0.073 0.606 0.619
out: 1
in: 0.56 0.624 0.207 0.518 0.213 0.128 0.508
out: 1
in: 0.063 0.272 0.65 0.767 0.387 0.768 0.458
out: 1
in: 0.149 0.072 0.514 0.951 0.545 0.531 0.03
out: 1
in: 0.979 0.713 0.319 0.275 0.14 0.18 0.679
out: 1
in: 0.258 0.617 0.439 0.617 0.679 0.751 0.348
out: 1
in: 0.196 0.04 0.331 0.969 0.578 0.774 0.039
out: 1
in: 0.37 0.033 0.73 0.99 0.036 0.949 0.98
out: 1
in: 0.171 0.323 0.151 0.219 0.082 0.159 0.356
out: 1
in: 0.312 0.621 0.563 0.64 0.438 0.136 0.994
out: 1
in: 0.731 0.312 0.032 0.806 0.357 0.082 0.629
out: 1
in: 0.285 0.437 0.665 0.816 0.874 0.692 0.38
out: 1
in: 0.112 0.297 0.954 0.382 0.875 0.107 0.196
out: 1
in: 0.661 0.509 0.108 0.274 0.042 0.52 0.828
out: 1
in: 0.845 0.417 0.832 0.569 0.729 0.346 0.59
out: 1
in: 0.43 0.186 0.226 0.44 0.419 0.649 0.212
out: 1
in: 0.125 0.058 0.197 0.535 0.866 0.451 0.884
out: 1
in: 0.407 0.18 0.874 0.125 0.087 0.282 0.012
out: 1
in: 0.027 0.139 0.053 0.665 0.118 0.488 0.15
out: 1
in: 0.268 0.559 0.328 0.822 0.667 0.53 0.994
out: 1
in: 0.783 0.418 0.452 0.136 0.175 0.501 0.395
out: 1
in: 0.922 0.792 0.914 0.638 0.122 0.675 0.475
out: 1
in: 0.557 0.43 0.554 0.352 0.244 0.273 0.418
out: 1
in: 0.204 0.391 0.662 0.575 0.413 0.999 0.523
out: 1
in: 0.382 0.057 0.132 0.321 0.356 0.072 0.794
out: 1
in: 0.661 0.868 0.883 0.582 0.406 0.197 0.824
out: 1
in: 0.843 0.617 0.933 0.35 0.561 0.32 0.585
out: 1
in: 0.136 0.661 0.902 0.323 0.629 0.582 0.137
out: 1
in: 0.104 0.001 0.308 0.709 0.855 0.628 0.363
out: 1
in: 0.784 0.746 0.001 0.897 0.219 0.406 0.379
out: 1
in: 0.795 0.546 0.38 0.346 0.223 0.211 0.775
out: 1
in: 0.017 0.298 0.434 0.93 0.37 0.131 0.444
out: 1
in: 0.04 0.061 0.304 0.238 0.195 0.65 0.997
out: 1
in: 0.977 0.492 0.797 0.09 0.625 0.52 0.999
out: 1
in: 0.693 0.777 0.918 0.649 0.943 0.812 0.503
out: 1
in: 0.853 0.714 0.614 0.279 0.454 0.771 0.542
out: 1
in: 0.651 0.811 0.552 0.366 0.419 0.773 0.842
out: 1
in: 0.13 0.463 0.453 0.45 0.179 0.047 0.783
out: 1
in: 0.107 0.174 0.378 0.876 0.855 0.6 0.514
out: 1
in: 0.833 0.88 0.108 0.159 0.146 0.072 0.898
out: 1
in: 0.952 0.423 0.706 0.017 0.323 0.555 0.271
out: 1
in: 0.584 0.037 0.859 0.86 0.89 0.295 0.12
out: 1
in: 0.033 0.312 0.677 0.18 0.498 0.766 0.186
out: 1
in: 0.18 0.622 0.79 0.842 0.383 0.939 0.342
out: 1
in: 0.393 0.091 0.179 0.228 0.851 0.537 0.795
out: 1
in: 0.869 0.527 0.966 0.169 0.032 0.042 0.818
out: 1
in: 0.924 0.495 0.907 0.446 0.793 0.593 0.468
out: 1
in: 0.442 0.476 0.24 0.481 0.823 0.443 0.455
out: 1
in: 0.773 0.201 0.024 0.152 0.33 0.148 0.856
out: 1
in: 0.79 0.789 0.583 0.135 0.079 0.336 0.593
out: 1
in: 0.953 0.495 0.033 0.86 0.183 0.456 0.579
out: 1
in: 0.964 0.028 0.533 0.806 0.717 0.773 0.096
out: 1
in: 0.36 0.342 0.837 0.297 0.837 0.182 0.519
out: 1
in: 0.304 0.467 0.746 0.916 0.563 0.194 0.198
out: 1
in: 0.188 0.273 0.736 0.746 0.905 0.047 0.607
out: 1
in: 0.02 0.537 0.814 0.448 0.745 0.053 0.082
out: 1
in: 0.747 0.994 0.192 0.177 0.77 0.688 0.395
out: 1
in: 0.875 0.328 0.441 0.825 0.968 0.728 0.006
out: 1
in: 0.013 0.875 0.087 0.342 0.838 0.463 0.479
out: 1
in: 0.969 0.917 0.862 0.203 0.129 0.979 0.916
out: 1
in: 0.226 0.186 0.151 0.309 0.879 0.802 0.901
out: 1
in: 0.345 0.879 0.266 0.628 0.286 0.767 0.644
out: 1
in: 0.761 0.483 0.522 0.934 0.237 0.891 0.021
out: 1
in: 0.587 0.741 0.828 0.833 0.771 0.636 0.986
out: 1
in: 0.512 0.149 0.516 0.632 0.765 0.672 0.071
out: 1
in: 0.815 0.717 0.035 0.357 0.621 0.309 0.14
out: 1
in: 0.906 0.319 0.25 0.45 0.53 0.609 0.825
out: 1
in: 0.601 0.661 0.605 0.971 0.469 0.699 0.639
out: 1
in: 0.469 0.257 0.783 0.361 0.592 0.022 0.086
out: 1
in: 0.538 0.449 0.657 0.291 0.974 0.135 0.713
out: 1
in: 0.277 0.858 0.951 0.615 0.099 0.478 0.3
out: 1
in: 0.42 0.476 0.465 0.913 0.571 0.387 0.743
out: 1
in: 0.156 0.927 0.668 0.937 0.729 0.977 0.964
out: 1
in: 0.73 0.992 0.532 0.473 0.627 0.532 0.266
out: 1
in: 0.126 0.695 0.497 0.221 0.524 0.301 0.969
out: 1
in: 0.983 0.095 0.509 0.224 0.838 0.238 0.565
out: 1
in: 0.467 0.894 0.192 0.002 0.535 0.695 0.165
out: 1
in: 0.609 0.401 0.454 0.13 0.435 0.923 0.175
out: 1
in: 0.248 0.91 0.313 0.292 0.925 0.348 0.362
out: 1
in: 0.701 0.805 0.761 0.128 0.769 0.967 0.538
out: 1
in: 0.912 0.298 0.579 0.323 0.016 0.563 0.021
out: 1
in: 0.679 0.984 0.946 0.92 0.537 0.845 0.181
out: 1
in: 0.327 0.887 0.55 0.645 0.382 0.456 0.053
out: 1
in: 0.53 0.502 0.028 0.074 0.086 0.182 0.059
out: 1
in: 0.604 0.646 0.168 0.644 0.646 0.058 0.201
out: 1
in: 0.661 0.202 0.707 0.554 0.104 0.817 0.2
out: 1
in: 0.57 0.923 0.762 0.532 0.708 0.739 0.988
out: 1
in: 0.251 0.887 0.828 0.392 0.105 0.839 0.091
out: 1
in: 0.37 0.49 0.798 0.639 0.272 0.57 0.316
out: 1
in: 0.398 0.256 0.422 0.16 0.79 0.64 0.776
out: 1
in: 0.985 0.762 0.944 0.922 0.732 0.023 0.503
out: 1
in: 0.698 0.897 0.103 0.896 0.433 0.803 0.272
out: 1
in: 0.069 0.66 0.162 0.177 0.911 0.87 0.012
out: 1
in: 0.622 0.445 0.691 0.941 0.871 0.783 0.433
out: 1
in: 0.66 0.148 0.478 0.917 0.021 0.485 0.969
out: 1
in: 0.673 0.522 0.675 0.61 0.231 0.33 0.136
out: 1
in: 0.669 0.001 0.952 0.055 0.51 0.382 0.151
out: 1
in: 0.401 0.622 0.893 0.974 0.781 0.63 0.772
out: 1
in: 0.944 0.727 0.255 0.192 0.003 0.584 0.025
out: 1
in: 0.295 0.159 0.158 0.067 0.146 0.033 0.738
out: 1
in: 0.032 0.787 0.906 0.625 0.774 0.852 0.167
out: 1
in: 0.279 0.727 0.204 0.248 0.442 0.438 0.277
out: 1
in: 0.113 0.889 0.347 0.346 0.433 0.909 0.108
out: 1
in: 0.446 0.166 0.747 0.744 0.326 0.855 0.955
out: 1
in: 0.07 0.14 0.455 0.17 0.22 0.459 0.976
out: 1
in: 0.578 0.958 0.185 0.162 0.914 0.876 0.175
out: 1
in: 0.795 0.653 0.819 0.694 0.266 0.702 0.056
out: 1
in: 0.958 0.937 0.895 0.179 0.527 0.809 0.474
out: 1
in: 0.928 0.584 0.435 0.147 0.412 0.454 0.144
out: 1
in: 0.474 0.664 0.455 0.914 0.209 0.249 0.857
out: 1
in: 0.531 0.426 0.475 0.776 0.877 0.441 0.918
out: 1
in: 0.955 0.624 0.806 0.108 0.307 0.106 0.06
out: 1
in: 0.197 0.882 0.183 0.884 0.549 0.699 0.497
out: 1
in: 0.7 0.387 0.879 0.469 0.532 0.32 0.12
out: 1
in: 0.408 0.456 0.731 0.351 0.462 0.56 0.415
out: 1
in: 0.17 0.27 0.982 0.131 0.312 0.649 0.041
out: 1
in: 0.906 0.478 0.329 0.922 0.3 0.658 0.598
out: 1
in: 0.623 0.364 0.724 0.6 0.111 0.971 0.678
out: 1
in: 0.556 0.052 0.61 0.122 0.275 0.709 0.61
out: 1
in: 0.121 0.395 0.28 0.378 0.71 0.515 0.952
out: 1
in: 0.58 0.402 0.858 0.681 0.771 0.864 0.314
out: 1
in: 0.048 0.87 0.496 0.736 0.386 0.326 0.225
out: 1
in: 0.649 0.984 0.295 0.537 0.792 0.369 0.063
out: 1
in: 0.958 0.752 0.706 0.505 0.394 0.361 0.617
out: 1
in: 0.069 0.633 0.786 0.899 0.77 0.26 0.705
out: 1
in: 0.642 0.187 0.777 0.875 0.295 0.124 0.718
out: 1
in: 0.249 0.624 0.433 0.497 0.73 0.88 0.921
out: 1
in: 0.226 0.233 0.437 0.277 0.374 0.137 0.69
out: 1
in: 0.08 0.051 0.509 0.643 0.816 0.043 0.362
out: 1
in: 0.712 0.217 0.244 0.633 0.869 0.448 0.075
out: 1
in: 0.627 0.392 0.593 0.773 0.101 0.209 0.168
out: 1
in: 0.303 0.664 0.987 0.196 0.753 0.774 0.839
out: 1
in: 0.844 0.955 0.197 0.869 0.877 0.618 0.128
out: 1
in: 0.815 0.421 0.396 0.216 0.96 0.407 0.037
out: 1
in: 0.605 0.02 0.75 0.398 0.795 0.283 0.376
out: 1
in: 0.869 0.191 0.204 0.895 0.407 0.558 0.59
out: 1
in: 0.419 0.201 0.899 0.927 0.545 0.484 0.667
out: 1
in: 0.466 0.432 0.376 0.87 0.166 0.407 0.827
out: 1
in: 0.182 0.867 0.056 0.996 0.459 0.372 0.468
out: 1
in: 0.7 0.933 0.09 0.827 0.133 0.401 0.887
out: 1
in: 0.062 0.242 0.302 0.3 0.322 0.96 0.084
out: 1
in: 0.264 0.01 0.527 0.418 0.44 0.146 0.439
out: 1
in: 0.577 0.26 0.405 0.867 0.882 0.294 0.723
out: 1
in: 0.228 0.898 0.781 0.18 0.314 0.398 0.577
out: 1
in: 0.543 0.635 0.628 0.632 0.394 0.291 0.918
out: 1
in: 0.076 0.885 0.719 0.21 0.32 0.73 0.59
out: 1
in: 0.02 0.02 0.377 0.783 0.499 0.502 0.659
out: 1
in: 0.341 0.19 0.401 0.4 0.632 0.326 0.329
out: 1
in: 0.855 0.596 0.867 0.172 0.392 0.413 0.251
out: 1
in: 0.386 0.116 0.226 0.745 0.098 0.539 0.105
out: 1
in: 0.694 0.159 0.794 0.501 0.997 0.063 0.102
out: 1
in: 0.734 0.121 0.402 0.146 0.091 0.542 0.9
out: 1
in: 0.123 0.602 0.954 0.51 0.574 0.35 0.382
out: 1
in: 0.456 0.878 0.489 0.544 0.215 0.358 0.442
out: 1
in: 0.591 0.118 0.076 0.081 0.439 0.136 0.149
out: 1
in: 0.158 0.476 0.458 0.318 0.889 0.219 0.925
out: 1
in: 0.401 0.073 0.642 0.405 0.455 0.139 0.669
out: 1
in: 0.425 0.816 0.999 0.016 0.091 0.417 0.044
out: 1
in: 0.179 0.222 0.335 0.354 0.049 0.03 0.614
out: 1
in: 0.046 0.998 0.368 0.616 0.342 0.395 0.944
out: 1
in: 0.405 0.772 0.859 0.644 0.552 0.197 0.586
out: 1
in: 0.434 0.432 0.702 0.119 0.294 0.262 0.066
out: 1
in: 0.061 0.235 0.7 0.07 0.077 0.713 0.056
out: 1
in: 0.162 0.571 0.008 0.834 0.812 0.607 0.734
out: 1
in: 0.184 0.212 0.028 0.162 0.606 0.22 0.608
out: 1
in: 0.224 0.049 0.198 0.272 0.233 0.622 0.307
out: 1
in: 0.627 0.535 0.875 0.239 0.191 0.706 0.079
out: 1
in: 0.834 0.589 0.222 0.273 0.945 0.986 0.831
out: 1
in: 0.527 0.549 0.55 0.892 0.127 0.783 0.075
out: 1
in: 0.705 0.927 0.234 0.485 0.629 0.309 0.031
out: 1
in: 0.842 0.897 0.79 0.186 0.004 0.028 0.501
out: 1
in: 0.923 0.908 0.713 0.631 0.881 0.988 0.701
out: 1
in: 0.239 0.973 0.942 0.161 0.12 0.191 0.206
out: 1
in: 0.558 0.341 0.833 0.669 0.158 0.45 0.402
out: 1
in: 0.08 0.173 0.078 0.963 0.215 0.566 0.379
out: 1
in: 0.627 0.213 0.811 0.527 0.771 0.163 0.258
out: 1
in: 0.103 0.679 0.09 0.494 0.199 0.68 0.488
out: 1
in: 0.48 0.353 0.075 0.272 0.206 0.4 0.723
out: 1
in: 0.85 0.057 0.877 0.079 0.522 0.794 0.734
out: 1
in: 0.409 0.782 0.787 0.841 0.556 0.763 0.583
out: 1
in: 0.133 0.352 0.171 0.784 0.154 0.874 0.78
out: 1
in: 0.418 0.648 0.981 0.59 0.0 0.136 0.326
out: 1
in: 0.892 0.689 0.7 0.526 0.983 0.582 0.035
out: 1
in: 0.717 0.367 0.133 0.226 0.835 0.993 0.863
out: 1
in: 0.164 0.238 0.659 0.374 0.658 0.791 0.947
out: 1
in: 0.57 0.826 0.632 0.445 0.8 0.768 0.453
out: 1
in: 0.441 0.142 0.478 0.85 0.301 0.578 0.388
out: 1
in: 0.497 0.046 0.948 0.187 0.19 0.612 0.449
out: 1
in: 0.141 0.976 0.904 0.071 0.211 0.698 0.219
out: 1
in: 0.018 0.651 0.051 0.135 0.424 0.683 0.979
out: 1
in: 0.25 0.955 0.675 0.272 0.009 0.806 0.066
out: 1
in: 0.34 0.359 0.876 0.484 0.291 0.175 0.331
out: 1
in: 0.281 0.179 0.024 0.345 0.683 0.891 0.829
out: 1
in: 0.959 0.506 0.779 0.482 0.483 0.698 0.371
out: 1
in: 0.473 0.795 0.705 0.656 0.226 0.918 0.0
out: 1
in: 0.74 0.833 0.88 0.725 0.216 0.446 0.365
out: 1
in: 0.61 0.513 0.624 0.292 0.832 0.124 0.552
out: 1
in: 0.362 0.293 0.548 0.937 0.501 0.396 0.663
out: 1
in: 0.944 0.187 0.812 0.62 0.857 0.589 0.126
out: 1
in: 0.584 0.638 0.496 0.658 0.75 0.151 0.123
out: 1
in: 0.325 0.166 0.987 0.053 0.788 0.084 0.513
out: 1
in: 0.88 0.798 0.517 0.216 0.553 0.197 0.567
out: 1
in: 0.788 0.154 0.267 0.328 0.476 0.581 0.228
out: 1
in: 0.104 0.196 0.783 0.203 0.45 0.122 0.998
out: 1
in: 0.22 0.949 0.69 0.526 0.095 0.981 0.334
out: 1
in: 0.738 0.063 0.313 0.212 0.803 0.696 0.323
out: 1
in: 0.604 0.701 0.511 0.907 0.454 0.134 0.718
out: 1
in: 0.166 0.637 0.027 0.296 0.83 0.648 0.592
out: 1
in: 0.552 0.423 0.881 0.573 0.681 0.276 0.381
out: 1
in: 0.894 0.667 0.711 0.402 0.304 0.582 0.599
out: 1
in: 0.164 0.153 0.863 0.972 0.081 0.268 0.073
out: 1
in: 0.452 0.0 0.746 0.137 0.602 0.208 0.76
out: 1
in: 0.907 0.671 0.968 0.106 0.936 0.502 0.042
out: 1
in: 0.164 0.022 0.989 0.147 0.342 0.751 0.743
out: 1
in: 0.092 0.213 0.757 0.141 0.845 0.466 0.79
out: 1
in: 0.942 0.333 0.944 0.765 0.869 0.64 0.73
out: 1
in: 0.346 0.134 0.306 0.339 0.307 0.819 0.763
out: 1
in: 0.576 0.6 0.586 0.684 0.702 0.39 0.748
out: 1
in: 0.872 0.446 0.293 0.015 0.021 0.525 0.015
out: 1
in: 0.759 0.316 0.374 0.813 0.748 0.151 0.286
out: 1
in: 0.304 0.65 0.991 0.617 0.352 0.422 0.639
out: 1
in: 0.566 0.235 0.889 0.515 0.26 0.257 0.507
out: 1
in: 0.522 0.959 0.139 0.76 0.101 0.236 0.788
out: 1
in: 0.492 0.03 0.683 0.645 0.913 0.117 0.115
out: 1
in: 0.688 0.305 0.459 0.945 0.878 0.495 0.694
out: 1
in: 0.365 0.457 0.01 0.147 0.742 0.674 0.591
out: 1
in: 0.142 0.496 0.38 0.529 0.492 0.988 0.314
out: 1
in: 0.666 0.932 0.983 0.184 0.281 0.283 0.56
out: 1
in: 0.715 0.021 0.156 0.95 0.725 0.348 0.874
out: 1
in: 0.779 0.078 0.3 0.955 0.031 0.287 0.236
out: 1
in: 0.555 0.702 0.279 0.094 0.184 0.382 0.858
out: 1
in: 0.492 0.304 0.728 0.718 0.098 0.783 0.29
out: 1
in: 0.801 0.944 0.569 0.472 0.721 0.058 0.589
out: 1
in: 0.197 0.005 0.465 0.304 0.974 0.979 0.445
out: 1
in: 0.054 0.608 0.597 0.399 0.561 0.603 0.455
out: 1
in: 0.202 0.628 0.61 0.185 0.872 0.12 0.612
out: 1
in: 0.407 0.258 0.317 0.098 0.649 0.305 0.301
out: 1
in: 0.168 0.224 0.739 0.927 0.516 0.743 0.072
out: 1
in: 0.934 0.419 0.606 0.009 0.921 0.766 0.849
out: 1
in: 0.683 0.414 0.28 0.148 0.625 0.076 0.911
out: 1
in: 0.492 0.625 0.179 0.771 0.567 0.432 0.09
out: 1
in: 0.942 0.974 0.081 0.612 0.644 0.678 0.786
out: 1
in: 0.136 0.262 0.301 0.877 0.266 0.581 0.019
out: 1
in: 0.045 0.245 0.232 0.265 0.454 0.376 0.853
out: 1
in: 0.774 0.249 0.033 0.046 0.793 0.165 0.543
out: 1
in: 0.037 0.415 0.506 0.066 0.871 0.285 0.309
out: 1
in: 0.199 0.797 0.97 0.464 0.892 0.674 0.507
out: 1
in: 0.979 0.099 0.166 0.895 0.791 0.524 0.689
out: 1
in: 0.727 0.562 0.86 0.712 0.111 0.852 0.621
out: 1
in: 0.816 0.919 0.999 0.683 0.5 0.856 0.727
out: 1
in: 0.331 0.386 0.015 0.366 0.436 0.328 0.14
out: 1
in: 0.168 0.368 0.252 0.099 0.616 0.452 0.7
out: 1
in: 0.825 0.982 0.886 0.197 0.134 0.273 0.636
out: 1
in: 0.842 0.915 0.678 0.106 0.23 0.853 0.767
out: 1
in: 0.691 0.79 0.784 0.416 0.418 0.391 0.254
out: 1
in: 0.824 0.288 0.403 0.956 0.253 0.009 0.694
out: 1
in: 0.402 0.944 0.21 0.851 0.354 0.352 0.812
out: 1
in: 0.494 0.268 0.533 0.675 0.867 0.521 0.323
out: 1
in: 0.049 0.942 0.28 0.72 0.696 0.576 0.664
out: 1
in: 0.833 0.916 0.532 0.504 0.508 0.532 0.219
out: 1
in: 0.13 0.096 0.884 0.064 0.849 0.342 0.734
out: 1
in: 0.917 0.62 0.916 0.148 0.79 0.191 0.789
out: 1
in: 0.348 0.642 0.949 0.592 0.767 0.531 0.035
out: 1
in: 0.83 0.85 0.399 0.637 0.537 0.614 0.668
out: 1
in: 0.565 0.785 0.572 0.934 0.438 0.695 0.373
out: 1
in: 0.413 0.129 0.349 0.488 0.515 0.095 0.606
out: 1
in: 0.607 0.11 0.084 0.91 0.365 0.549 0.652
out: 1
in: 0.354 0.041 0.591 0.821 0.102 0.028 0.464
out: 1
in: 0.063 0.646 0.316 0.296 0.482 0.186 0.789
out: 1
in: 0.288 0.487 0.73 0.064 0.543 0.015 0.821
out: 1
in: 0.153 0.731 0.097 0.021 0.245 0.875 0.911
out: 1
in: 0.956 0.935 0.768 0.531 0.122 0.733 0.772
out: 1
in: 0.951 0.425 0.328 0.003 0.068 0.554 0.754
out: 1
in: 0.064 0.961 0.921 0.717 0.196 0.48 0.718
out: 1
in: 0.759 0.506 0.634 0.778 0.052 0.432 0.042
out: 1
in: 0.836 0.143 0.402 0.211 0.126 0.193 0.307
out: 1
in: 0.399 0.031 0.745 0.216 0.373 0.828 0.393
out: 1
in: 0.271 0.798 0.128 0.658 0.058 0.654 0.681
out: 1
in: 0.921 0.557 0.978 0.947 0.356 0.989 0.646
out: 1
in: 0.316 0.746 0.855 0.232 0.066 0.826 0.0
out: 1
in: 0.945 0.571 0.367 0.7 0.182 0.161 0.721
out: 1
in: 0.618 0.977 0.652 0.75 0.169 0.12 0.837
out: 1
in: 0.695 0.987 0.375 0.886 0.088 0.577 0.96
out: 1
in: 0.095 0.493 0.355 0.185 0.785 0.699 0.176
out: 1
in: 0.803 0.173 0.83 0.516 0.678 0.649 0.409
out: 1
in: 0.761 0.655 0.758 0.16 0.475 0.704 0.854
out: 1
in: 0.112 0.235 0.097 0.907 0.35 0.088 0.946
out: 1
in: 0.175 0.256 0.893 0.359 0.053 0.281 0.062
out: 1
in: 0.259 0.181 0.671 0.611 0.722 0.586 0.113
out: 1
in: 0.674 0.628 1.0 0.378 0.982 0.034 0.516
out: 1
in: 0.983 0.637 0.222 0.602 0.783 0.596 0.308
out: 1
in: 0.975 0.65 0.05 0.207 0.704 0.273 0.926
out: 1
in: 0.761 0.374 0.178 0.904 0.302 0.186 0.359
out: 1
in: 0.433 0.349 0.999 0.689 0.646 0.949 0.522
out: 1
in: 0.231 0.885 0.27 0.519 0.342 0.152 0.834
out: 1
in: 0.037 0.991 0.749 0.376 0.532 0.754 0.729
out: 1
in: 0.629 0.918 0.362 0.378 0.634 0.168 0.616
out: 1
in: 0.322 0.383 0.833 0.93 0.255 0.771 0.557
out: 1
in: 0.245 0.52 0.286 0.408 0.777 0.662 0.19
out: 1
in: 0.334 0.062 0.539 0.894 0.09 0.586 0.161
out: 1
in: 0.977 0.154 0.852 0.978 0.247 0.691 0.911
out: 1
in: 0.763 0.588 0.749 0.863 0.742 0.827 0.473
out: 1
in: 0.544 0.183 0.856 0.164 0.255 0.369 0.624
out: 1
in: 0.323 0.73 0.97 0.229 0.793 0.965 0.668
out: 1
in: 0.228 0.889 0.832 0.016 0.577 0.418 0.79
out: 1
in: 0.742 0.202 0.38 0.239 0.145 0.467 0.984
out: 1
in: 0.549 0.836 0.737 0.26 0.384 0.551 0.45
out: 1
in: 0.47 0.54 0.181 0.38 0.343 0.343 0.445
out: 1
in: 0.84 0.521 0.597 0.445 0.226 0.684 0.891
out: 1
in: 0.539 0.588 0.219 0.842 0.553 0.641 0.578
out: 1
in: 0.567 0.64 0.871 0.134 0.036 0.023 0.267
out: 1
in: 0.079 0.854 0.283 0.958 0.582 0.575 0.42
out: 1
in: 0.836 0.82 0.967 0.987 0.557 0.073 0.833
out: 1
in: 0.322 0.692 1.0 0.47 0.937 0.562 0.295
out: 1
in: 0.612 0.233 0.517 0.72 0.222 0.393 0.137
out: 1
in: 0.286 0.706 0.23 0.744 0.572 0.875 0.388
out: 1
in: 0.079 0.618 0.265 0.756 0.296 0.175 0.444
out: 1
in: 0.896 0.133 0.78 0.12 0.7 0.724 0.821
out: 1
in: 0.33 0.362 0.363 0.424 0.282 0.695 0.77
out: 1
in: 0.035 0.245 0.764 0.562 0.013 0.345 0.812
out: 1
in: 0.781 0.151 0.064 0.002 0.321 0.413 0.595
out: 1
in: 0.844 0.013 0.713 0.317 0.449 0.382 0.056
out: 1
in: 0.846 0.708 0.541 0.321 0.194 0.281 0.77
out: 1
in: 0.987 0.093 0.194 0.632 0.214 0.256 0.257
out: 1
in: 0.214 0.758 0.49 0.962 0.119 0.484 0.156
out: 1
in: 0.217 0.238 0.541 0.699 0.496 0.396 0.977
out: 1
in: 0.494 0.114 0.041 0.186 0.783 0.191 0.812
out: 1
in: 0.717 0.894 0.734 0.351 0.762 0.887 0.523
out: 1
in: 0.768 0.988 0.056 0.15 0.463 0.306 0.679
out: 1
in: 0.616 0.771 0.81 0.139 0.67 0.261 0.33
out: 1
in: 0.342 0.66 0.559 0.156 0.015 0.814 0.916
out: 1
in: 0.795 0.204 0.622 0.515 0.895 0.77 0.486
out: 1
in: 0.586 0.267 0.262 0.842 0.201 0.511 0.12
out: 1
in: 0.98 0.168 0.95 0.041 0.698 0.67 0.37
out: 1
in: 0.651 0.472 0.23 0.703 0.387 0.738 0.89
out: 1
in: 0.345 0.945 0.052 0.165 0.889 0.529 0.803
out: 1
in: 0.834 0.643 0.923 0.761 0.201 0.446 0.441
out: 1
in: 0.414 0.076 0.856 0.876 0.78 0.946 0.441
out: 1
in: 0.478 0.491 0.704 0.066 0.853 0.843 0.721
out: 1
in: 0.971 0.337 0.816 0.856 0.347 0.605 0.091
out: 1
in: 0.414 0.274 0.343 0.629 0.294 0.784 0.795
out: 1
in: 0.537 0.002 0.39 0.861 0.573 0.51 0.527
out: 1
in: 0.688 0.796 0.602 0.794 0.401 0.007 0.073
out: 1
in: 0.799 0.463 0.809 0.877 0.671 0.965 0.534
out: 1
in: 0.534 0.681 0.12 0.031 0.929 0.633 0.84
out: 1
in: 0.064 0.116 0.374 0.059 0.204 0.894 0.688
out: 1
in: 0.981 0.615 0.831 0.226 0.039 0.806 0.641
out: 1
in: 0.376 0.222 0.609 0.084 0.829 0.43 0.443
out: 1
in: 0.03 0.988 0.523 0.367 0.263 0.42 0.591
out: 1
in: 0.751 0.998 0.211 0.443 0.712 0.577 0.833
out: 1
in: 0.874 0.89 0.501 0.607 0.959 0.133 0.716
out: 1
in: 0.716 0.468 0.757 0.5 0.207 0.14 0.955
out: 1
in: 0.127 0.262 0.619 0.335 0.837 0.901 0.18
out: 1
in: 0.873 0.178 0.363 0.841 0.99 0.892 0.171
out: 1
in: 0.228 0.51 0.763 0.114 0.232 0.902 0.613
out: 1
in: 0.91 0.321 0.609 0.975 0.778 0.967 0.356
out: 1
in: 0.601 0.985 0.571 0.4 0.879 0.491 0.039
out: 1
in: 0.779 0.881 0.303 0.497 0.041 0.856 0.508
out: 1
in: 0.5 0.9 0.223 0.638 0.158 0.321 0.274
out: 1
in: 0.851 0.684 0.442 0.88 0.58 0.366 0.481
out: 1
in: 0.195 0.523 0.555 0.572 0.018 0.233 0.897
out: 1
in: 0.228 0.148 0.859 0.934 0.747 0.391 0.459
out: 1
in: 0.225 0.639 0.285 0.806 0.325 0.965 0.139
out: 1
in: 0.582 0.81 0.351 0.14 0.682 0.89 0.793
out: 1
in: 0.53 0.306 0.28 0.435 0.228 0.348 0.35
out: 1
in: 0.407 0.759 0.963 0.129 0.727 0.632 0.066
out: 1
in: 0.468 0.727 0.98 0.228 0.411 0.403 0.282
out: 1
in: 0.999 0.234 0.082 0.838 0.205 0.245 0.287
out: 1
in: 0.175 0.697 0.29 0.45 0.334 0.675 0.616
out: 1
in: 0.344 0.823 0.592 0.53 0.79 0.887 0.319
out: 1
in: 0.211 0.206 0.327 0.406 0.9 0.464 0.968
out: 1
in: 0.257 0.704 0.561 0.659 0.075 0.136 0.222
out: 1
in: 0.453 0.436 0.659 0.473 0.888 0.612 0.27
out: 1
in: 0.253 0.907 0.078 0.259 0.439 0.764 0.806
out: 1
in: 0.863 0.449 0.519 0.239 0.475 0.336 0.59
out: 1
in: 0.24 0.564 0.508 0.362 0.985 0.044 0.653
out: 1
in: 0.233 0.383 0.42 0.914 0.112 0.429 0.537
out: 1
in: 0.718 0.914 0.461 0.568 0.987 0.845 0.491
out: 1
in: 0.156 0.511 0.852 0.632 0.966 0.847 0.94
out: 1
in: 0.54 0.176 0.977 0.725 0.119 0.229 0.442
out: 1
in: 0.901 0.035 0.657 0.843 0.914 0.701 0.009
out: 1
in: 0.948 0.461 0.471 0.307 0.822 0.903 0.824
out: 1
in: 0.714 0.225 0.309 0.12 0.471 0.004 0.846
out: 1
in: 0.095 0.765 0.998 0.974 0.821 0.163 0.616
out: 1
in: 0.678 0.085 0.022 0.392 0.919 0.742 0.893
out: 1
in: 0.415 0.502 0.599 0.558 0.588 0.419 0.966
out: 1
in: 0.948 0.244 0.292 0.879 0.851 0.126 0.349
out: 1
in: 0.555 0.788 0.836 0.501 0.298 0.774 0.369
out: 1
in: 0.081 0.275 0.279 0.034 0.878 0.733 0.364
out: 1
in: 0.949 0.946 0.695 0.359 0.806 0.625 0.07
out: 1
in: 0.519 0.49 0.738 0.039 0.832 0.177 0.196
out: 1
in: 0.689 0.506 0.424 0.175 0.633 0.105 0.509
out: 1
in: 0.376 0.784 0.036 0.993 0.537 0.321 0.83
out: 1
in: 0.393 0.729 0.893 0.753 0.086 0.331 0.605
out: 1
in: 0.207 0.113 0.682 0.413 0.224 0.125 0.266
out: 1
in: 0.198 0.013 0.421 0.188 0.865 0.732 0.308
out: 1
in: 0.473 0.47 0.279 0.458 0.034 0.013 0.057
out: 1
in: 0.323 0.543 0.613 0.594 0.392 0.113 0.411
out: 1
in: 0.783 0.627 0.066 0.357 0.344 0.973 0.603
out: 1
in: 0.476 0.466 0.085 0.188 0.536 0.984 0.025
out: 1
in: 0.448 0.767 0.476 0.639 0.255 0.736 0.054
out: 1
in: 0.404 0.84 0.284 0.099 0.526 0.115 0.273
out: 1
in: 0.689 0.581 0.782 0.337 0.716 0.881 0.584
out: 1
in: 0.356 0.463 0.234 0.003 0.39 0.835 0.432
out: 1
in: 0.134 0.665 0.913 0.621 0.424 0.613 0.52
out: 1
in: 0.074 0.768 0.472 0.263 0.85 0.148 0.886
out: 1
in: 0.24 0.939 0.297 0.794 0.367 0.432 0.657
out: 1
in: 0.971 0.62 0.788 0.768 0.835 0.355 0.561
out: 1
in: 0.862 0.037 0.063 0.494 0.706 0.262 0.174
out: 1
in: 0.085 0.038 0.18 0.086 0.504 0.81 0.527
out: 1
in: 0.605 0.903 0.548 0.96 0.915 0.551 0.53
out: 1
in: 0.808 0.43 0.553 0.92 0.066 0.469 0.983
out: 1
in: 0.828 0.716 0.016 0.13 0.749 0.482 0.392
out: 1
in: 0.938 0.528 0.741 0.562 0.322 0.381 0.315
out: 1
in: 0.09 0.765 0.296 0.029 0.176 0.157 0.302
out: 1
in: 0.939 0.518 0.847 0.781 0.694 0.243 0.263
out: 1
in: 0.834 0.656 0.478 0.145 0.544 0.819 0.573
out: 1
in: 0.604 0.752 0.568 0.13 0.695 0.672 0.127
out: 1
in: 0.699 0.896 0.29 0.278 0.232 0.553 0.403
out: 1
in: 0.474 0.277 0.928 0.956 0.743 0.075 0.791
out: 1
in: 0.625 0.685 0.404 0.675 0.964 0.405 0.555
out: 1
in: 0.844 0.511 0.046 0.956 0.608 0.026 0.954
out: 1
in: 0.419 0.576 0.993 0.68 0.23 0.558 0.734
out: 1
in: 0.626 0.835 0.484 0.656 0.626 0.342 0.511
out: 1
in: 0.435 0.887 0.014 0.425 0.16 0.24 0.58
out: 1
in: 0.518 0.718 0.865 0.699 0.617 0.251 0.309
out: 1
in: 0.77 0.281 0.95 0.568 0.291 0.947 0.869
out: 1
in: 0.519 0.689 0.209 0.747 0.788 0.246 0.103
out: 1
in: 0.09 0.535 0.51 0.877 0.298 0.542 0.314
out: 1
in: 0.466 0.41 0.163 0.084 0.304 0.983 0.921
out: 1
in: 0.364 0.06 0.885 0.344 0.216 0.738 0.281
out: 1
in: 0.545 0.721 0.793 0.852 0.569 0.571 0.315
out: 1
in: 0.212 0.664 0.609 0.334 0.695 0.253 0.301
out: 1
in: 0.795 0.89 0.108 0.511 0.433 0.049 0.861
out: 1
in: 0.744 0.588 0.802 0.646 0.568 0.318 0.305
out: 1
in: 0.773 0.466 0.514 0.141 0.256 0.432 0.773
out: 1
in: 0.411 0.582 0.362 0.815 0.19 0.097 0.509
out: 1
in: 0.181 0.045 0.196 0.535 0.068 0.58 0.139
out: 1
in: 0.561 0.193 0.497 0.669 0.382 0.747 0.679
out: 1
in: 0.154 0.084 0.356 0.586 0.666 0.961 0.805
out: 1
in: 0.194 0.466 0.223 0.94 0.33 0.33 0.11
out: 1
in: 0.024 0.71 0.48 0.317 0.85 0.822 0.605
out: 1
in: 0.418 0.73 0.017 0.616 0.331 0.648 0.769
out: 1
in: 0.282 0.45 0.579 0.226 0.956 0.031 0.795
out: 1
in: 0.863 0.74 0.988 0.38 0.476 0.584 0.258
out: 1
in: 0.928 0.787 0.229 0.834 0.427 0.123 0.942
out: 1
in: 0.134 0.126 0.639 0.959 0.164 0.147 0.665
out: 1
in: 0.435 0.304 0.503 0.126 0.849 0.48 0.107
out: 1
in: 0.073 0.152 0.119 0.346 0.853 0.507 0.948
out: 1
in: 0.299 0.473 0.299 0.027 0.025 0.135 0.479
out: 1
in: 0.797 0.045 0.51 0.608 0.351 0.378 0.798
out: 1
in: 0.582 0.555 0.279 0.696 0.65 0.447 0.049
out: 1
in: 0.048 0.582 0.862 0.165 0.235 0.019 0.071
out: 1
in: 0.785 0.024 0.199 0.716 0.147 0.199 0.368
out: 1
in: 0.921 0.836 0.964 0.585 0.923 0.838 0.077
out: 1
in: 0.999 0.503 0.318 0.145 0.158 0.287 0.391
out: 1
in: 0.606 0.237 0.724 0.816 0.832 0.237 0.911
out: 1
in: 0.87 0.87 0.275 0.23 0.581 0.92 0.075
out: 1
in: 0.23 0.021 0.822 0.404 0.306 0.693 0.3
out: 1
in: 0.305 0.951 0.129 0.377 0.188 0.521 0.626
out: 1
in: 0.904 0.479 0.085 0.349 0.95 0.168 0.359
out: 1
in: 0.606 0.008 0.639 0.627 0.105 0.582 0.608
out: 1
in: 0.357 0.282 0.036 0.129 0.47 0.849 0.597
out: 1
in: 0.651 0.076 0.362 0.351 0.841 0.419 0.504
out: 1
in: 0.083 0.449 0.589 0.629 0.108 0.998 0.297
out: 1
in: 0.271 0.578 0.993 0.147 0.542 0.106 0.469
out: 1
in: 0.725 0.498 0.344 0.0 0.661 0.693 0.046
out: 1
in: 0.835 0.33 0.635 0.329 0.049 0.135 0.236
out: 1
in: 0.235 0.426 0.981 0.418 0.891 0.555 0.507
out: 1
in: 0.876 0.968 0.319 0.855 0.968 0.998 0.841
out: 1
in: 0.785 0.564 0.734 0.822 0.969 0.945 0.346
out: 1
in: 0.349 0.936 0.483 0.819 0.816 0.692 0.578
out: 1
in: 0.996 0.655 0.138 0.462 0.029 0.276 0.287
out: 1
in: 0.713 0.778 0.608 0.044 0.522 0.169 0.783
out: 1
in: 0.652 0.072 0.102 0.073 0.474 0.989 0.048
out: 1
in: 0.409 0.435 0.536 0.334 0.9 0.739 0.811
out: 1
in: 0.953 0.555 0.209 0.936 0.626 0.947 0.111
out: 1
in: 0.341 0.175 0.732 0.767 0.074 0.759 0.071
out: 1
in: 0.91 0.063 0.088 0.573 0.596 0.904 0.452
out: 1
in: 0.47 0.897 0.701 0.486 0.973 0.939 0.601
out: 1
in: 0.808 0.352 0.371 0.601 0.884 0.211 0.435
out: 1
in: 0.333 0.942 0.498 0.797 0.203 0.456 0.612
out: 1
in: 0.626 0.099 0.273 0.045 0.249 0.369 0.988
out: 1
in: 0.896 0.796 0.998 0.893 0.692 0.462 0.113
out: 1
in: 0.703 0.572 0.679 0.899 0.019 0.146 0.93
out: 1
in: 0.55 0.093 0.686 0.564 0.672 0.712 0.326
out: 1
in: 0.788 0.999 0.336 0.34 0.097 0.244 0.391
out: 1
in: 0.885 0.203 0.653 0.314 0.284 0.06 0.472
out: 1
in: 0.761 0.104 0.057 0.489 0.305 0.728 0.1
out: 1
in: 0.971 0.327 0.721 0.424 0.705 0.768 0.977
out: 1
in: 0.43 0.485 0.797 0.903 0.549 0.507 0.839
out: 1
in: 0.524 0.097 0.492 0.443 0.301 0.535 0.893
out: 1
in: 0.398 0.589 0.892 0.865 0.646 0.555 0.763
out: 1
in: 0.408 0.585 0.305 0.327 0.024 0.284 0.743
out: 1
in: 0.742 0.697 0.849 0.052 0.82 0.632 0.946
out: 1
in: 0.423 0.247 0.765 0.859 0.541 0.142 0.185
out: 1
in: 0.455 0.005 0.52 0.677 0.475 0.61 0.21
out: 1
in: 0.574 0.479 0.154 0.056 0.548 0.205 0.12
out: 1
in: 0.959 0.814 0.016 0.586 0.593 0.562 0.138
out: 1
in: 0.084 0.896 0.192 0.741 0.731 0.108 0.489
out: 1
in: 0.364 0.913 0.918 0.25 0.024 0.297 0.217
out: 1
in: 0.214 0.061 0.503 0.648 0.328 0.907 0.265
out: 1
in: 0.468 0.581 0.6 0.515 0.882 0.018 0.136
out: 1
in: 0.765 0.101 0.202 0.963 0.964 0.754 0.922
out: 1
in: 0.74 0.601 0.024 0.794 0.542 0.043 0.415
out: 1
in: 0.156 0.932 0.956 0.591 0.357 0.881 0.262
out: 1
in: 0.102 0.038 0.114 0.529 0.625 0.675 0.876
out: 1
in: 0.398 0.23 0.905 0.197 0.119 0.597 0.508
out: 1
in: 0.219 0.385 0.786 0.727 0.124 0.858 0.148
out: 1
in: 0.657 0.439 0.758 0.119 0.439 0.223 0.007
out: 1
in: 0.605 0.023 0.454 0.469 0.983 0.228 0.159
out: 1
in: 0.142 0.483 0.497 0.141 0.834 0.49 0.97
out: 1
in: 0.234 0.278 0.293 0.729 0.877 0.248 0.562
out: 1
in: 0.882 0.666 0.092 0.848 0.712 0.864 0.092
out: 1
in: 0.046 0.171 0.253 0.851 0.166 0.925 0.272
out: 1
in: 0.011 0.469 0.735 0.838 0.275 0.539 0.818
out: 1
in: 0.709 0.121 0.441 0.119 0.489 0.246 0.905
out: 1
in: 0.507 0.971 0.302 0.75 0.306 0.773 0.636
out: 1
in: 0.54 0.036 0.143 0.95 0.26 0.749 0.932
out: 1
in: 0.749 0.647 0.979 0.791 0.111 0.386 0.166
out: 1
in: 0.336 0.996 0.602 0.2 0.827 0.471 0.456
out: 1
in: 0.45 0.504 0.937 0.417 0.634 0.097 0.858
out: 1
in: 0.198 0.092 0.436 0.94 0.978 0.993 0.391
out: 1
in: 0.462 0.311 0.625 0.781 0.416 0.291 0.69
out: 1
in: 0.292 0.44 0.19 0.783 0.537 0.657 0.821
out: 1
in: 0.831 0.315 0.591 0.631 0.394 0.696 0.303
out: 1
in: 0.819 0.796 0.14 0.433 0.346 0.157 0.215
out: 1
in: 0.793 0.16 0.829 0.084 0.784 0.139 0.236
out: 1
in: 0.701 0.775 0.111 0.504 0.599 0.934 0.468
out: 1
in: 0.987 0.895 0.379 0.92 0.508 0.619 0.845
out: 1
in: 0.337 0.702 0.338 0.354 0.368 0.602 0.051
out: 1
in: 0.728 0.792 0.288 0.38 0.418 0.43 0.066
out: 1
in: 0.841 0.054 0.937 0.598 0.808 0.298 0.545
out: 1
in: 0.805 0.268 0.541 0.319 0.666 0.466 0.639
out: 1
in: 0.347 0.774 0.207 0.023 0.979 0.03 0.88
out: 1
in: 0.285 0.237 0.898 0.258 0.503 0.402 0.627
out: 1
in: 0.909 0.193 0.59 0.394 0.72 0.801 0.226
out: 1
in: 0.62 0.505 0.865 0.944 0.592 0.289 0.673
out: 1
in: 0.127 0.211 0.518 0.503 0.357 0.514 0.994
out: 1
in: 0.539 0.766 0.101 0.399 0.865 0.777 0.353
out: 1
in: 0.595 0.86 0.373 0.614 0.271 0.932 0.703
out: 1
in: 0.426 0.772 0.923 0.931 0.739 0.91 0.278
out: 1
in: 0.835 0.27 0.773 0.368 0.327 0.425 0.739
out: 1
in: 0.857 0.496 0.171 0.076 0.288 0.852 0.173
out: 1
in: 0.507 0.512 0.025 0.929 0.944 0.409 0.004
out: 1
in: 0.812 0.662 0.067 0.9 0.395 0.197 0.155
out: 1
in: 0.442 0.322 0.66 0.331 0.728 0.167 0.129
out: 1
in: 0.417 0.193 0.567 0.402 0.419 0.872 0.966
out: 1
in: 0.622 0.993 0.149 0.461 0.32 0.912 0.034
out: 1
in: 0.348 0.5 0.958 0.762 0.729 0.936 0.356
out: 1
in: 0.543 0.585 0.897 0.995 0.404 0.592 0.945
out: 1
in: 0.771 0.741 0.161 0.949 0.593 0.776 0.466
out: 1
in: 0.638 0.406 0.252 0.427 0.962 0.259 0.42
out: 1
in: 0.925 0.077 0.457 0.263 0.404 0.69 0.089
out: 1
in: 0.76 0.948 0.749 0.298 0.686 0.484 0.11
out: 1
in: 0.573 0.946 0.246 0.985 0.411 0.942 0.557
out: 1
in: 0.216 0.007 0.527 0.838 0.24 0.619 0.346
out: 1
in: 0.171 0.708 0.433 0.916 0.885 0.995 0.834
out: 1
in: 0.911 0.775 0.733 0.355 0.081 0.839 0.014
out: 1
in: 0.289 0.417 0.883 0.78 0.286 0.245 0.518
out: 1
in: 0.018 0.378 0.44 0.654 0.117 0.812 0.846
out: 1
in: 0.496 0.928 0.008 0.051 0.366 0.846 0.849
out: 1
in: 0.507 0.023 0.027 0.054 0.352 0.022 0.833
out: 1
in: 0.935 0.658 0.534 0.907 0.468 0.304 0.132
out: 1
in: 0.236 0.219 0.868 0.448 0.636 0.015 0.834
out: 1
in: 0.7 0.187 0.484 0.461 0.171 0.927 0.589
out: 1
in: 0.619 0.978 0.41 0.734 0.218 0.478 0.063
out: 1
in: 0.277 0.538 0.344 0.34 0.919 0.876 0.236
out: 1
in: 0.467 0.335 0.531 0.656 0.69 0.159 0.537
out: 1
in: 0.276 0.174 0.932 0.011 0.339 0.776 0.248
out: 1
in: 0.373 0.887 0.233 0.479 0.401 0.825 0.748
out: 1
in: 0.082 0.257 0.845 0.551 0.623 0.848 0.059
out: 1
in: 0.813 0.616 0.764 0.388 0.362 0.631 0.269
out: 1
in: 0.232 0.393 0.776 0.723 0.964 0.164 0.043
out: 1
in: 0.114 0.98 0.082 0.972 0.355 0.463 0.664
out: 1
in: 0.494 0.321 0.111 0.566 0.509 0.999 0.273
out: 1
in: 0.865 0.414 0.103 0.168 0.569 0.667 0.124
out: 1
in: 0.278 0.579 0.06 0.969 0.59 0.381 0.495
out: 1
in: 0.758 0.957 0.065 0.698 0.008 0.548 0.627
out: 1
in: 0.269 0.593 0.866 0.822 0.806 0.414 0.356
out: 1
in: 0.915 0.547 0.639 0.378 0.646 0.643 0.821
out: 1
in: 0.519 0.137 0.055 0.019 0.044 0.811 0.314
out: 1
in: 0.094 0.105 0.462 0.155 0.731 0.297 0.883
out: 1
in: 0.43 0.491 0.154 0.424 0.001 1.0 0.506
out: 1
in: 0.083 0.564 0.987 0.296 0.091 0.527 0.366
out: 1
in: 0.155 0.479 0.513 0.883 0.641 0.294 0.709
out: 1
in: 0.513 0.003 0.64 0.914 0.878 0.614 0.693
out: 1
in: 0.342 0.904 0.21 0.496 0.723 0.109 0.036
out: 1
in: 0.4 0.836 0.539 0.176 0.01 0.437 0.907
out: 1
in: 0.896 0.443 0.47 0.328 0.789 0.814 0.853
out: 1
in: 0.88 0.824 0.592 0.425 0.95 0.518 0.03
out: 1
in: 0.525 0.168 0.816 0.046 0.136 0.054 0.471
out: 1
in: 0.817 0.5 0.135 0.566 0.483 0.036 0.88
out: 1
in: 0.241 0.467 0.669 0.624 0.917 0.888 0.882
out: 1
in: 0.197 0.923 0.179 0.752 0.649 0.078 0.205
out: 1
in: 0.455 0.835 0.15 0.862 0.274 0.044 0.955
out: 1
in: 0.009 0.892 0.892 0.524 0.66 0.8 0.891
out: 1
in: 0.451 0.549 0.514 0.831 0.06 0.252 0.312
out: 1
in: 0.95 0.588 0.179 0.772 0.987 0.95 0.521
out: 1
in: 0.518 0.966 0.089 0.557 0.359 0.595 0.671
out: 1
in: 0.138 0.741 0.523 0.399 0.194 0.363 0.194
out: 1
in: 0.896 0.533 0.347 0.23 0.326 0.714 0.57
out: 1
in: 0.88 0.322 0.803 0.571 0.23 0.735 0.045
out: 1
in: 0.45 0.769 0.004 0.968 0.478 0.132 0.091
out: 1
in: 0.479 0.873 0.856 0.636 0.22 0.51 0.379
out: 1
in: 0.181 0.799 0.832 0.526 0.204 0.731 0.204
out: 1
in: 0.738 0.565 0.453 0.96 0.195 0.524 0.902
out: 1
in: 0.446 0.733 0.887 0.874 0.741 0.446 0.866
out: 1
in: 0.032 0.267 0.308 0.469 0.362 0.257 0.532
out: 1
in: 0.796 0.485 0.836 0.161 0.901 0.652 0.856
out: 1
in: 0.503 0.751 0.173 0.416 0.567 0.912 0.512
out: 1
in: 0.021 0.045 0.42 0.762 0.931 0.632 0.933
out: 1
in: 0.715 0.987 0.907 0.765 0.036 0.574 0.414
out: 1
in: 0.776 0.994 0.251 0.207 0.851 0.998 0.456
out: 1
in: 0.159 0.527 0.677 0.987 0.672 0.427 0.361
out: 1
in: 0.445 0.213 0.065 0.244 0.143 0.133 0.17
out: 1
in: 0.835 0.331 0.132 0.495 0.132 0.956 0.328
out: 1
in: 0.828 0.819 0.554 0.578 0.298 0.607 0.763
out: 1
in: 0.06 0.185 0.14 0.765 0.491 0.821 0.488
out: 1
in: 0.012 0.91 0.113 0.954 0.765 0.939 0.318
out: 1
in: 0.53 0.124 0.976 0.336 0.051 0.386 0.662
out: 1
in: 0.562 0.977 0.325 0.867 0.103 0.804 0.277
out: 1
in: 0.898 0.177 0.337 0.963 0.102 0.572 0.03
out: 1
in: 0.534 0.064 0.338 0.632 0.463 0.82 0.723
out: 1
in: 0.038 0.708 0.982 0.831 0.416 0.65 0.437
out: 1
in: 0.742 0.205 0.154 0.98 0.409 0.716 0.638
out: 1
in: 0.55 0.641 0.711 0.368 0.359 0.158 0.901
out: 1
in: 0.951 0.306 0.625 0.899 0.777 0.911 0.642
out: 1
in: 0.717 0.059 0.656 0.604 0.261 0.97 0.411
out: 1
in: 0.403 0.072 0.708 0.386 0.473 0.463 0.09
out: 1
in: 0.417 0.097 0.819 0.525 0.12 0.119 0.182
out: 1
in: 0.232 0.65 0.467 0.853 0.53 0.841 0.63
out: 1
in: 0.569 0.125 0.205 0.547 0.385 0.844 0.108
out: 1
in: 0.816 0.951 0.62 0.902 0.287 0.335 0.618
out: 1
in: 0.714 0.745 0.915 0.185 0.349 0.268 0.068
out: 1
in: 0.399 0.828 0.21 0.101 0.821 0.815 0.406
out: 1
in: 0.467 0.918 0.031 0.552 0.291 0.224 0.755
out: 1
in: 0.8 0.623 0.411 0.116 0.607 0.572 0.287
out: 1
in: 0.475 0.147 0.232 0.249 0.883 1.0 0.986
out: 1
in: 0.932 0.682 0.177 0.446 0.118 0.264 0.399
out: 1
in: 0.467 0.852 0.676 0.534 0.957 0.013 0.467
out: 1
in: 0.139 0.562 0.993 0.458 0.436 0.14 0.749
out: 1
in: 0.65 0.779 0.461 0.869 0.854 0.804 0.67
out: 1
in: 0.344 0.255 0.943 0.361 0.176 0.608 0.156
out: 1
in: 0.854 0.964 0.477 0.718 0.805 0.711 0.809
out: 1
in: 0.47 0.331 0.867 0.024 0.979 0.44 0.956
out: 1
in: 0.232 0.545 0.528 0.845 0.237 0.619 0.069
out: 1
in: 0.19 0.286 0.534 0.561 0.477 0.263 0.893
out: 1
in: 0.329 0.736 0.126 0.43 0.973 0.675 0.188
out: 1
in: 0.528 0.051 0.707 0.233 0.878 0.92 0.148
out: 1
in: 0.519 0.863 0.507 0.762 0.452 0.29 0.248
out: 1
in: 0.282 0.189 0.507 0.489 0.711 0.218 0.399
out: 1
in: 0.104 0.065 0.642 0.23 0.798 0.178 0.961
out: 1
in: 0.785 0.853 0.658 0.283 0.504 0.696 0.696
out: 1
in: 0.093 0.123 0.486 0.128 0.551 0.248 0.757
out: 1
in: 0.449 0.951 0.965 0.41 0.511 0.23 0.767
out: 1
in: 0.636 0.288 0.599 0.545 0.011 0.309 0.8
out: 1
in: 0.908 0.667 0.641 0.032 0.505 0.318 0.611
out: 1
in: 0.341 0.926 0.279 0.086 0.113 0.673 0.648
out: 1
in: 0.34 0.916 0.76 0.966 0.483 0.005 0.531
out: 1
in: 0.436 0.624 0.592 0.19 0.707 0.963 0.784
out: 1
in: 0.218 0.261 0.71 0.964 0.514 0.602 0.112
out: 1
in: 0.714 0.186 0.99 0.302 0.215 0.442 0.205
out: 1
in: 0.301 0.82 0.662 0.724 0.885 0.367 0.453
out: 1
in: 0.671 0.023 0.146 0.876 0.804 0.728 0.766
out: 1
in: 0.789 0.525 0.444 0.882 0.018 0.358 0.293
out: 1
in: 0.368 0.927 0.814 0.689 0.762 0.552 0.102
out: 1
in: 0.504 0.532 0.774 0.188 0.747 0.424 0.712
out: 1
in: 0.79 0.55 0.288 0.815 0.949 0.107 0.409
out: 1
in: 0.449 0.698 0.515 0.501 0.05 0.32 0.99
out: 1
in: 0.523 0.36 0.731 0.187 0.639 0.822 0.221
out: 1
in: 0.602 0.393 0.853 0.757 0.341 0.183 0.099
out: 1
in: 0.987 0.96 0.753 0.692 0.277 0.463 0.761
out: 1
in: 0.067 0.964 0.741 0.075 0.19 0.273 0.99
out: 1
in: 0.878 0.79 0.415 0.13 0.615 0.871 0.133
out: 1
in: 0.85 0.795 0.411 0.087 0.158 0.311 0.775
out: 1
in: 0.078 0.757 0.929 0.273 0.643 0.082 0.246
out: 1
in: 0.391 0.28 0.603 0.188 0.955 0.415 0.403
out: 1
in: 0.974 0.516 0.279 0.937 0.429 0.869 0.199
out: 1
in: 0.328 0.862 0.268 0.461 0.575 0.064 0.926
out: 1
in: 0.426 0.841 0.227 0.194 0.294 0.87 0.476
out: 1
in: 0.982 0.105 0.448 0.105 0.824 0.259 0.508
out: 1
in: 0.814 0.21 0.024 0.323 0.798 0.899 0.92
out: 1
in: 0.113 0.86 0.423 0.389 0.037 0.33 0.548
out: 1
in: 0.105 0.378 0.878 0.677 0.763 0.153 0.8
out: 1
in: 0.623 0.605 0.898 0.313 0.783 0.957 0.627
out: 1
in: 0.359 0.194 0.957 0.082 0.17 0.774 0.074
out: 1
in: 0.504 0.959 0.742 0.27 0.869 0.242 0.658
out: 1
in: 0.043 0.755 0.804 0.321 0.166 0.237 0.393
out: 1
in: 0.548 0.767 0.196 0.498 0.69 0.389 0.961
out: 1
in: 0.704 0.018 0.827 0.061 0.205 0.313 0.952
out: 1
in: 0.342 0.105 0.615 0.42 0.714 0.14 0.808
out: 1
in: 0.083 0.434 0.204 0.506 0.438 0.927 0.122
out: 1
in: 0.48 0.344 0.556 0.29 0.161 0.035 0.877
out: 1
in: 0.14 0.51 0.628 0.414 0.632 0.766 0.537
out: 1
in: 0.856 0.224 0.742 0.252 0.055 0.558 0.899
out: 1
in: 0.945 0.5 0.72 0.118 0.696 0.77 0.227
out: 1
in: 0.399 0.305 0.13 0.933 0.48 0.802 0.91
out: 1
in: 0.015 0.345 0.91 0.399 0.21 0.65 0.232
out: 1
in: 0.584 0.759 0.013 0.29 0.942 0.536 0.158
out: 1
in: 0.729 0.502 0.575 0.619 0.413 0.964 0.441
out: 1
in: 0.428 0.374 0.09 0.292 0.212 0.588 0.34
out: 1
in: 0.858 0.574 0.253 0.201 0.324 0.563 0.206
out: 1
in: 0.124 0.784 0.348 0.942 0.098 0.179 0.834
out: 1
in: 0.995 0.256 0.972 0.886 0.723 0.927 0.889
out: 1
in: 0.047 0.076 0.276 0.47 0.238 0.372 0.515
out: 1
in: 0.474 0.581 0.555 0.399 0.36 0.635 0.751
out: 1
in: 0.733 0.474 0.909 0.425 0.958 0.99 0.713
out: 1
in: 0.134 0.897 0.739 0.334 0.864 0.507 0.005
out: 1
in: 0.537 0.953 0.033 0.405 0.31 0.631 0.94
out: 1
in: 0.51 0.708 0.567 0.609 0.802 0.941 0.449
out: 1
in: 0.808 0.898 0.684 0.546 0.128 0.144 0.055
out: 1
in: 0.248 0.424 0.42 0.353 0.395 0.735 0.564
out: 1
in: 0.9 0.607 0.059 0.895 0.29 0.963 0.315
out: 1
in: 0.064 0.821 0.757 0.199 0.851 0.889 0.564
out: 1
in: 0.443 0.271 0.845 0.607 0.249 0.791 0.698
out: 1
in: 0.158 0.697 0.978 0.774 0.794 0.457 0.706
out: 1
in: 0.155 0.588 0.493 0.17 0.017 0.65 0.742
out: 1
in: 0.324 0.981 0.107 0.036 0.922 0.134 0.063
out: 1
in: 0.135 0.891 0.543 0.578 0.72 0.799 0.603
out: 1
in: 0.719 0.446 0.848 0.368 0.738 0.618 0.262
out: 1
in: 0.153 0.857 0.525 0.368 0.131 0.121 0.431
out: 1
in: 0.598 0.552 0.306 0.76 0.261 0.501 0.426
out: 1
in: 0.755 0.527 0.347 0.45 0.854 0.074 0.582
out: 1
in: 0.622 0.247 0.939 0.872 0.632 0.553 0.011
out: 1
in: 0.143 0.595 0.552 0.956 0.221 0.949 0.197
out: 1
in: 0.35 0.826 0.263 0.693 0.071 0.959 0.092
out: 1
in: 0.295 0.452 0.322 0.271 0.756 0.451 0.223
out: 1
in: 0.923 0.522 0.185 0.576 0.793 0.757 0.116
out: 1
in: 0.292 0.288 0.814 0.932 0.964 0.467 0.216
out: 1
in: 0.671 0.706 0.022 0.751 0.727 0.924 0.467
out: 1
in: 0.952 0.969 0.117 0.087 0.4 0.585 0.97
out: 1
in: 0.776 0.79 0.991 0.668 0.162 0.268 0.708
out: 1
in: 0.412 0.782 0.227 0.79 0.683 0.258 0.086
out: 1
in: 0.467 0.445 0.636 0.225 0.285 0.796 0.961
out: 1
in: 0.505 0.741 0.659 0.365 0.069 0.84 0.389
out: 1
in: 0.085 0.521 0.936 0.724 0.265 0.157 0.109
out: 1
in: 0.944 0.443 0.455 0.581 0.935 0.03 0.291
out: 1
in: 0.986 0.64 0.509 0.353 0.466 0.949 0.211
out: 1
in: 0.893 0.841 0.264 0.609 0.987 0.659 0.038
out: 1
in: 0.655 0.166 0.852 0.879 0.213 0.376 0.675
out: 1
in: 0.726 0.727 0.204 0.826 0.69 0.133 0.521
out: 1
in: 0.306 0.778 0.751 0.955 0.959 0.256 0.148
out: 1
in: 0.186 0.959 0.885 0.89 0.936 0.496 0.596
out: 1
in: 0.086 0.615 0.208 0.713 0.895 0.32 0.73
out: 1
in: 0.931 0.411 0.94 0.093 0.831 0.623 0.537
out: 1
in: 0.229 0.076 0.44 0.33 0.317 0.223 0.945
out: 1
in: 0.149 0.012 0.556 0.849 0.689 0.809 0.997
out: 1
in: 0.979 0.106 0.674 0.654 0.621 0.501 0.519
out: 1
in: 0.913 0.31 0.634 0.828 0.814 0.18 0.419
out: 1
in: 0.752 0.588 0.67 0.282 0.253 0.443 0.401
out: 1
in: 0.828 0.79 0.464 0.89 0.133 0.367 0.18
out: 1
in: 0.892 0.22 0.368 0.377 0.387 0.374 0.132
out: 1
in: 0.441 0.219 0.642 0.613 0.181 0.396 0.679
out: 1
in: 0.569 0.626 0.97 0.672 0.723 0.911 0.305
out: 1
in: 0.211 0.258 0.184 0.704 0.391 0.672 0.955
out: 1
in: 0.502 0.188 0.226 0.325 0.372 0.429 0.803
out: 1
in: 0.985 0.008 0.854 0.291 0.291 0.184 0.326
out: 1
in: 0.689 0.363 0.062 0.523 0.066 0.352 0.526
out: 1
in: 0.99 0.352 0.932 0.82 0.132 0.422 0.826
out: 1
in: 0.603 0.39 0.353 0.736 0.217 0.819 0.126
out: 1
in: 0.153 0.45 0.99 0.008 0.433 0.633 0.584
out: 1
in: 0.478 0.051 0.22 0.338 0.732 0.965 0.161
out: 1
in: 0.106 0.298 0.746 0.557 0.333 0.565 0.535
out: 1
in: 0.593 0.583 0.515 0.313 0.914 0.221 0.553
out: 1
in: 0.767 0.046 0.389 0.561 0.789 0.25 0.147
out: 1
in: 0.533 0.607 0.501 0.915 0.293 0.247 0.994
out: 1
in: 0.247 0.454 0.571 0.719 0.762 0.79 0.852
out: 1
in: 0.873 0.199 0.31 0.869 0.274 0.066 0.862
out: 1
in: 0.872 0.035 0.663 0.428 0.842 0.019 0.205
out: 1
in: 0.656 0.215 0.344 0.923 0.197 0.13 0.271
out: 1
in: 0.474 0.271 0.79 0.534 0.07 0.625 0.22
out: 1
in: 0.699 0.12 0.34 0.42 0.496 0.913 0.507
out: 1
in: 0.405 0.648 0.47 0.194 0.253 0.733 0.299
out: 1
in: 0.16 0.996 0.562 0.942 0.339 0.475 0.125
out: 1
in: 0.075 0.813 0.437 0.815 0.461 0.896 0.453
out: 1
in: 0.368 0.297 0.816 0.368 0.975 0.402 0.99
out: 1
in: 0.67 0.296 0.879 0.427 0.612 0.264 0.52
out: 1
in: 0.228 0.93 0.835 0.214 0.693 0.583 0.296
out: 1
in: 0.059 0.136 0.986 0.995 0.347 0.553 0.869
out: 1
in: 0.113 0.083 0.56 0.131 0.853 0.629 0.066
out: 1
in: 0.047 0.046 0.248 0.78 0.045 0.399 0.675
out: 1
in: 0.908 0.875 0.905 0.007 0.634 0.564 0.744
out: 1
in: 0.202 0.602 0.994 0.292 0.316 0.239 0.328
out: 1
in: 0.672 0.446 0.161 0.628 0.856 0.615 0.221
out: 1
in: 0.739 0.38 0.119 0.692 0.408 0.322 0.916
out: 1
in: 0.767 0.229 0.467 0.376 0.966 0.06 0.329
out: 1
in: 0.153 0.494 0.461 0.591 0.089 0.731 0.667
out: 1
in: 0.236 0.412 0.98 0.453 0.684 0.565 0.11
out: 1
in: 0.993 0.91 0.125 0.176 0.89 0.67 0.059
out: 1
in: 0.464 0.151 0.265 0.396 0.523 0.942 0.031
out: 1
in: 0.86 0.631 0.706 0.481 0.253 0.228 0.466
out: 1
in: 0.135 0.766 0.413 0.785 0.863 0.678 0.476
out: 1
in: 0.803 0.402 0.557 0.64 0.238 0.292 0.208
out: 1
in: 0.535 0.732 0.456 0.176 0.112 0.155 0.526
out: 1
in: 0.554 0.254 0.405 0.731 0.116 0.624 0.543
out: 1
in: 0.777 0.298 0.133 0.262 0.372 0.792 0.238
out: 1
in: 0.137 0.643 0.08 0.963 0.081 0.973 0.833
out: 1
in: 0.306 0.534 0.611 0.974 0.071 0.789 0.385
out: 1
in: 0.469 0.339 0.466 0.239 0.008 0.332 0.316
out: 1
in: 0.074 0.896 0.475 0.511 0.1 0.795 0.419
out: 1
in: 0.887 0.148 0.785 0.153 0.258 0.943 0.275
out: 1
in: 0.703 0.637 0.052 0.685 0.446 0.021 0.621
out: 1
in: 0.093 0.245 0.528 0.432 0.564 0.496 0.042
out: 1
in: 0.25 0.093 0.423 0.251 0.023 0.346 0.655
out: 1
in: 0.285 0.03 0.587 0.993 0.157 0.002 0.071
out: 1
in: 0.837 0.693 0.241 0.888 0.253 0.844 0.895
out: 1
in: 0.067 0.681 0.111 0.246 0.224 0.318 0.46
out: 1
in: 0.412 0.842 0.598 0.783 0.106 0.14 0.516
out: 1
in: 0.319 0.062 0.282 0.145 0.227 0.502 0.658
out: 1
in: 0.18 0.854 0.878 0.885 0.5 0.803 0.947
out: 1
in: 0.48 0.126 0.138 0.338 0.232 0.485 0.058
out: 1
in: 0.112 0.251 0.962 0.538 0.086 0.356 0.755
out: 1
in: 0.428 0.541 0.785 0.774 0.29 0.032 0.501
out: 1
in: 0.095 0.344 0.934 0.213 0.6 0.007 0.058
out: 1
in: 0.323 0.298 0.204 0.347 0.023 0.079 0.382
out: 1
in: 0.306 0.615 0.361 0.692 0.587 0.391 0.171
out: 1
in: 0.424 0.83 0.014 0.016 0.877 0.353 0.215
out: 1
in: 0.216 0.288 0.586 0.863 0.36 0.858 0.254
out: 1
in: 0.528 0.297 0.838 0.645 0.331 0.16 0.939
out: 1
in: 0.856 0.3 0.882 0.23 0.866 0.847 0.427
out: 1
in: 0.836 0.579 0.822 0.393 0.525 0.603 0.675
out: 1
in: 0.422 0.288 0.683 0.79 0.541 0.697 0.472
out: 1
in: 0.213 0.632 0.318 0.456 0.647 0.496 0.613
out: 1
in: 0.113 0.142 0.784 0.203 0.925 0.607 0.239
out: 1
in: 0.916 0.225 0.589 0.337 0.776 0.332 0.521
out: 1
in: 0.941 0.595 0.545 0.913 0.61 0.916 0.921
out: 1
in: 0.758 0.235 0.254 0.846 0.705 0.715 0.557
out: 1
in: 0.143 0.573 0.876 0.536 0.616 0.165 0.447
out: 1
in: 0.01 0.579 0.741 0.559 0.984 0.695 0.8
out: 1
in: 0.889 0.795 0.448 0.448 0.399 0.556 0.107
out: 1
in: 0.996 0.257 0.534 0.43 0.38 0.931 0.601
out: 1
in: 0.196 0.208 0.862 0.681 0.255 0.216 0.046
out: 1
in: 0.839 0.44 0.222 0.588 0.001 0.868 0.242
out: 1
in: 0.874 0.495 0.909 0.847 0.029 0.036 0.725
out: 1
in: 0.992 0.459 0.868 0.437 0.534 0.581 0.94
out: 1
in: 0.363 0.702 0.799 0.463 0.119 0.247 0.647
out: 1
in: 0.59 0.169 0.109 0.148 0.929 0.262 0.453
out: 1
in: 0.602 0.125 0.43 0.021 0.781 0.726 0.06
out: 1
in: 0.86 0.901 0.28 0.203 0.338 0.507 0.082
out: 1
in: 0.114 0.773 0.946 0.119 0.17 0.201 0.393
out: 1
in: 0.881 0.035 0.618 0.195 0.263 0.958 0.187
out: 1
in: 0.77 0.876 0.399 0.063 0.944 0.121 0.511
out: 1
in: 0.407 0.03 0.898 0.194 0.361 0.922 0.748
out: 1
in: 0.567 0.549 0.858 0.823 0.621 0.341 0.007
out: 1
in: 0.261 0.05 0.182 0.766 0.846 0.536 0.17
out: 1
in: 0.957 0.797 0.562 0.396 0.242 0.96 0.247
out: 1
in: 0.273 0.009 0.441 0.259 0.079 0.316 0.467
out: 1
in: 0.028 0.717 0.998 0.787 0.09 0.829 0.585
out: 1
in: 0.799 0.557 0.068 0.599 0.43 0.211 0.499
out: 1
in: 0.074 0.194 0.231 0.266 0.433 0.335 0.937
out: 1
in: 0.838 0.798 0.055 0.718 0.098 0.191 0.402
out: 1
in: 0.146 0.786 0.266 0.456 0.538 0.512 0.44
out: 1
in: 0.618 0.451 0.344 0.533 0.768 0.08 0.321
out: 1
in: 0.056 0.461 0.728 0.052 0.934 0.214 0.028
out: 1
in: 0.746 0.254 0.85 0.249 0.531 0.739 0.512
out: 1
in: 0.844 0.139 0.139 0.659 0.662 0.327 0.057
out: 1
in: 0.437 0.093 0.259 0.872 0.384 0.23 0.337
out: 1
in: 0.795 0.377 0.282 0.651 0.541 0.712 0.947
out: 1
in: 0.433 0.288 0.427 0.911 0.981 0.526 0.679
out: 1
in: 0.552 0.477 0.066 0.84 0.901 0.536 0.815
out: 1
in: 0.272 0.711 0.444 0.41 0.755 0.648 0.241
out: 1
in: 0.475 0.394 0.096 0.361 0.642 0.37 0.055
out: 1
in: 0.706 0.847 0.095 0.113 0.647 0.153 0.015
out: 1
in: 0.996 0.745 0.156 0.372 0.572 0.792 0.374
out: 1
in: 0.13 0.244 0.892 0.69 0.849 0.063 0.084
out: 1
in: 0.255 0.261 0.278 0.43 0.876 0.57 0.283
out: 1
in: 0.556 0.353 0.792 0.908 0.712 0.267 0.439
out: 1
in: 0.477 0.566 0.058 0.379 0.651 0.458 0.378
out: 1
in: 0.716 0.229 0.089 0.182 0.121 0.012 0.98
out: 1
in: 0.86 0.748 0.457 0.227 0.557 0.99 0.776
out: 1
in: 0.144 0.339 0.015 0.428 0.042 0.22 0.189
out: 1
in: 0.589 0.781 0.745 0.139 0.211 0.947 0.306
out: 1
in: 0.427 0.344 0.436 0.438 0.649 0.214 0.475
out: 1
in: 0.957 0.714 0.914 0.036 0.586 0.369 0.979
out: 1
in: 0.651 0.056 0.823 0.386 0.412 0.948 0.053
out: 1
in: 0.034 0.052 0.48 0.447 0.33 0.89 0.193
out: 1
in: 0.305 0.048 0.807 0.468 0.106 0.058 0.173
out: 1
in: 0.468 0.202 0.429 0.205 0.199 0.848 0.613
out: 1
in: 0.201 0.733 0.685 0.034 0.836 0.707 0.248
out: 1
in: 0.688 0.029 0.292 0.565 0.24 0.778 0.849
out: 1
in: 0.426 0.357 0.273 0.037 0.039 0.721 0.352
out: 1
in: 0.673 0.826 0.572 0.53 0.489 0.765 0.109
out: 1
in: 0.262 0.308 0.139 0.78 0.573 0.898 0.153
out: 1
in: 0.487 0.936 0.913 0.169 0.8 0.144 0.609
out: 1
in: 0.716 0.666 0.036 0.43 0.859 0.192 0.829
out: 1
in: 0.054 0.225 0.792 0.656 0.831 0.39 0.103
out: 1
in: 0.251 0.554 0.9 0.057 0.368 0.354 0.673
out: 1
in: 0.773 0.708 0.882 0.857 0.696 0.19 0.638
out: 1
in: 0.108 0.289 0.66 0.591 0.167 0.632 0.335
out: 1
in: 0.74 0.531 0.338 0.008 0.6 0.034 0.923
out: 1
in: 0.493 0.129 0.009 0.645 0.077 0.461 0.773
out: 1
in: 0.747 0.155 0.106 0.941 0.752 0.552 0.523
out: 1
in: 0.311 0.826 0.348 0.104 0.711 0.166 0.588
out: 1
in: 0.517 0.175 0.228 0.38 0.407 0.395 0.835
out: 1
in: 0.507 0.49 0.524 0.143 0.184 0.529 0.85
out: 1
in: 0.18 0.55 0.053 0.363 0.912 0.114 0.217
out: 1
in: 0.116 0.597 0.47 0.721 0.769 0.363 0.385
out: 1
in: 0.338 0.286 0.054 0.053 0.987 0.263 0.924
out: 1
in: 0.552 0.435 0.682 0.325 0.232 0.306 0.666
out: 1
in: 0.562 0.632 0.544 0.721 0.913 0.239 0.417
out: 1
in: 0.515 0.117 0.619 0.581 0.679 0.312 0.995
out: 1
in: 0.526 0.955 0.98 0.758 0.648 0.455 0.9
out: 1
in: 0.426 0.665 0.264 0.127 0.302 0.289 0.982
out: 1
in: 0.102 0.342 0.238 0.133 0.381 0.875 0.905
out: 1
in: 0.215 0.641 0.066 0.472 0.098 0.148 0.603
out: 1
in: 0.989 0.746 0.507 0.493 0.821 0.093 0.152
out: 1
in: 0.781 0.453 0.715 0.304 0.692 0.507 0.435
out: 1
in: 0.29 0.934 0.316 0.365 0.035 0.96 0.885
out: 1
in: 0.884 0.788 0.435 0.759 0.953 0.909 0.106
out: 1
in: 0.466 0.996 0.265 0.189 0.274 0.285 0.177
out: 1
in: 0.756 0.929 0.279 0.613 0.145 0.86 0.196
out: 1
in: 0.379 0.179 0.081 0.184 0.272 0.982 0.632
out: 1
in: 0.572 0.642 0.264 0.475 0.473 0.285 0.309
out: 1
in: 0.463 0.634 0.531 0.14 0.184 0.275 0.866
out: 1
in: 0.669 0.164 0.682 0.516 0.522 0.54 0.17
out: 1
in: 0.377 0.087 0.786 0.93 0.84 0.339 0.45
out: 1
in: 0.077 0.583 0.763 0.207 0.754 0.103 0.533
out: 1
in: 0.165 0.623 0.932 0.529 0.354 0.222 0.763
out: 1
in: 0.09 0.397 0.754 0.024 0.73 0.116 0.951
out: 1
in: 0.278 0.716 0.964 0.028 0.382 0.462 0.652
out: 1
in: 0.384 0.084 0.29 0.989 0.112 0.207 0.617
out: 1
in: 0.585 0.624 0.042 0.907 0.95 0.071 0.074
out: 1
in: 0.598 0.423 0.745 0.782 0.102 0.618 0.971
out: 1
in: 0.459 0.794 0.773 0.352 0.337 0.309 0.298
out: 1
in: 0.772 0.818 0.397 0.359 0.802 0.757 0.86
out: 1
in: 0.371 0.449 0.541 0.648 0.476 0.782 0.726
out: 1
in: 0.004 0.206 0.96 0.099 0.85 0.638 0.407
out: 1
in: 0.286 0.381 0.848 0.217 0.343 0.147 0.558
out: 1
in: 0.339 0.945 0.128 0.035 0.282 0.106 0.659
out: 1
in: 0.665 0.587 0.203 0.785 0.563 0.133 0.705
out: 1
in: 0.844 0.728 0.764 0.081 0.631 0.19 0.026
out: 1
in: 0.947 0.752 0.985 0.918 0.272 0.572 0.001
out: 1
in: 0.013 0.708 0.998 0.18 0.947 0.841 0.608
out: 1
in: 0.595 0.642 0.427 0.247 0.726 0.759 0.338
out: 1
in: 0.439 0.911 0.664 0.423 0.134 0.424 0.971
out: 1
in: 0.373 0.817 0.728 0.834 0.285 0.691 0.47
out: 1
in: 0.334 0.324 0.228 0.107 0.277 0.974 0.92
out: 1
in: 0.312 0.772 0.991 0.507 0.669 0.828 0.417
out: 1
in: 0.408 0.367 0.496 0.291 0.073 0.981 0.084
out: 1
in: 0.114 0.847 0.165 0.888 0.54 0.754 0.301
out: 1
in: 0.401 0.458 0.823 0.047 0.742 0.846 0.337
out: 1
in: 0.82 0.786 0.773 0.467 0.313 0.92 0.577
out: 1
in: 0.119 0.598 0.714 0.843 0.661 0.764 0.663
out: 1
in: 0.465 0.319 0.511 0.245 0.514 0.537 0.272
out: 1
in: 0.978 0.238 0.521 0.34 0.554 0.99 0.399
out: 1
in: 0.988 0.326 0.708 0.828 0.301 0.68 0.14
out: 1
in: 0.667 0.186 0.692 0.093 0.628 0.28 0.232
out: 1
in: 0.028 0.115 0.526 0.491 0.974 0.848 0.813
out: 1
in: 0.827 0.205 0.628 0.953 0.022 0.778 0.116
out: 1
in: 0.224 0.634 0.775 0.989 0.166 0.428 0.596
out: 1
in: 0.927 0.642 0.792 0.482 0.253 0.369 0.173
out: 1
in: 0.818 0.296 0.513 0.098 0.152 0.047 0.14
out: 1
in: 0.3 0.005 0.225 0.3 0.418 0.982 0.581
out: 1
in: 0.195 0.316 0.509 0.114 0.107 0.017 0.947
out: 1
in: 0.598 0.035 0.525 0.833 0.815 0.084 0.464
out: 1
in: 0.951 0.729 0.595 0.046 0.166 0.995 0.103
out: 1
in: 0.373 0.793 0.699 0.936 0.11 0.602 0.982
out: 1
in: 0.724 0.992 0.335 0.439 0.784 0.751 0.073
out: 1
in: 0.982 0.122 0.246 0.858 0.324 0.7 0.706
out: 1
in: 0.525 0.856 0.427 0.781 0.838 0.287 0.395
out: 1
in: 0.084 0.16 0.563 0.601 0.454 0.627 0.239
out: 1
in: 0.184 0.034 0.087 0.57 0.232 0.873 0.14
out: 1
in: 0.204 0.879 0.5 0.828 0.053 0.462 0.793
out: 1
in: 0.787 0.533 0.879 0.442 0.953 0.074 0.713
out: 1
in: 0.718 0.31 0.593 0.104 0.359 0.837 0.136
out: 1
in: 0.326 0.723 0.411 0.632 0.407 0.123 0.724
out: 1
in: 0.757 0.353 0.515 0.454 0.201 0.28 0.506
out: 1
in: 0.505 0.043 0.443 0.913 0.645 0.911 0.352
out: 1
in: 0.315 0.033 0.435 0.544 0.28 0.171 0.721
out: 1
in: 0.581 0.396 0.196 0.279 0.018 0.915 0.247
out: 1
in: 0.669 0.811 0.548 0.354 0.794 0.086 0.202
out: 1
in: 0.91 0.45 0.95 0.813 0.257 0.291 0.672
out: 1
in: 0.084 0.677 0.793 0.1 0.475 0.806 0.584
out: 1
in: 0.812 0.175 0.399 0.912 0.424 0.776 0.018
out: 1
in: 0.132 0.218 0.219 0.603 0.84 0.219 0.417
out: 1
in: 0.241 0.566 0.276 0.996 1.0 0.593 0.416
out: 1
in: 0.769 0.175 0.099 0.022 0.256 0.264 0.443
out: 1
in: 0.45 0.525 0.392 0.695 0.213 0.809 0.482
out: 1
in: 0.146 0.71 0.013 0.042 0.496 0.275 0.665
out: 1
in: 0.89 0.192 0.946 0.099 0.685 0.563 0.38
out: 1
in: 0.496 0.105 0.368 0.402 0.752 0.389 0.733
out: 1
in: 0.582 0.976 0.905 0.487 0.538 0.758 0.702
out: 1
in: 0.463 0.482 0.564 0.795 0.252 0.646 0.117
out: 1
in: 0.132 0.776 0.601 0.933 0.096 0.637 0.325
out: 1
in: 0.998 0.727 0.43 0.476 0.984 0.671 0.901
out: 1
in: 0.226 0.4 0.76 0.967 0.834 0.591 0.03
out: 1
in: 0.135 0.667 0.605 0.433 0.387 0.056 0.785
out: 1
in: 0.349 0.2 0.537 0.369 0.287 0.725 0.365
out: 1
in: 0.294 0.075 0.357 0.053 0.117 0.878 0.257
out: 1
in: 0.702 0.03 0.36 0.746 0.806 0.829 0.307
out: 1
in: 0.427 0.881 0.146 0.773 0.106 0.623 0.044
out: 1
in: 0.602 0.459 0.664 0.188 0.72 0.06 0.55
out: 1
in: 0.719 0.43 0.304 0.892 0.902 0.399 0.792
out: 1
in: 0.461 0.787 0.332 0.777 0.061 0.479 0.079
out: 1
in: 0.901 0.144 0.231 0.53 0.123 0.918 0.094
out: 1
in: 0.331 0.862 0.958 0.642 0.197 0.378 0.082
out: 1
in: 0.765 0.673 0.393 0.218 0.139 0.829 0.452
out: 1
in: 0.854 0.675 0.396 0.034 0.702 0.565 0.295
out: 1
in: 0.532 0.243 0.183 0.272 0.855 0.388 0.059
out: 1
in: 0.769 0.495 0.725 0.091 0.758 0.277 0.647
out: 1
in: 0.618 0.303 0.931 0.89 0.19 0.947 0.716
out: 1
in: 0.082 0.391 0.191 0.889 0.694 0.652 0.686
out: 1
in: 0.303 0.928 0.608 0.048 0.768 0.433 0.968
out: 1
in: 0.545 0.814 0.832 0.903 0.537 0.622 0.918
out: 1
in: 0.192 0.45 0.812 0.6 0.169 0.424 0.943
out: 1
in: 0.356 0.142 0.789 0.371 0.758 0.538 0.295
out: 1
in: 0.382 0.678 0.719 0.499 0.47 0.4 0.727
out: 1
in: 0.943 0.237 0.645 0.453 0.064 0.119 0.345
out: 1
in: 0.342 0.386 0.799 0.898 0.36 0.988 0.713
out: 1
in: 0.69 0.839 0.018 0.14 0.868 0.104 0.711
out: 1
in: 0.819 0.315 0.378 0.407 0.081 0.593 0.122
out: 1
in: 0.388 0.6 0.118 0.296 0.358 0.366 0.533
out: 1
in: 0.909 0.746 0.959 0.164 0.315 0.968 0.482
out: 1
in: 0.241 0.898 0.185 0.217 0.79 0.727 0.521
out: 1
in: 0.92 0.216 0.619 0.314 0.205 0.283 0.957
out: 1
in: 0.383 0.481 0.797 0.148 0.092 0.02 0.759
out: 1
in: 0.618 0.813 0.853 0.764 0.611 0.744 0.895
out: 1
in: 0.65 0.964 0.02 0.196 0.545 0.306 0.928
out: 1
in: 0.397 0.171 0.186 0.776 0.557 0.933 0.096
out: 1
in: 0.716 0.059 0.147 0.593 0.712 0.932 0.213
out: 1
in: 0.286 0.35 0.003 0.253 0.079 0.523 0.523
out: 1
in: 0.713 0.979 0.514 0.368 0.905 0.11 0.392
out: 1
in: 0.935 0.822 0.718 0.774 0.706 0.029 0.738
out: 1
in: 0.046 0.844 0.862 0.446 0.05 0.797 0.945
out: 1
in: 0.861 0.166 0.588 0.796 0.717 0.776 0.846
out: 1
in: 0.864 0.61 0.906 0.316 0.728 0.568 0.288
out: 1
in: 0.989 0.402 0.47 0.427 0.458 0.408 0.901
out: 1
in: 0.828 0.796 0.543 0.515 0.705 0.81 0.183
out: 1
in: 0.522 0.813 0.844 0.995 0.202 0.368 0.229
out: 1
in: 0.773 0.782 0.445 0.162 0.162 0.295 0.678
out: 1
in: 0.461 0.125 0.423 0.802 0.414 0.295 0.134
out: 1
in: 0.081 0.223 0.15 0.042 0.323 0.345 0.767
out: 1
in: 0.805 0.738 0.739 0.636 0.544 0.137 0.737
out: 1
in: 0.574 0.25 0.961 0.816 0.956 0.396 0.182
out: 1
in: 0.703 0.973 0.672 0.024 0.186 0.252 0.983
out: 1
in: 0.415 0.631 0.42 0.503 0.307 0.322 0.027
out: 1
in: 0.584 0.932 0.545 0.639 0.834 0.35 0.767
out: 1
in: 0.808 0.482 0.081 0.084 0.032 0.496 0.609
out: 1
in: 0.291 0.49 0.109 0.037 0.162 0.255 0.775
out: 1
in: 0.472 0.386 0.813 0.64 0.196 0.153 0.221
out: 1
in: 0.499 0.324 0.494 0.728 0.578 0.115 0.928
out: 1
in: 0.022 0.001 0.164 0.086 0.354 0.334 0.862
out: 1
in: 0.61 0.839 0.121 0.635 0.274 0.868 0.427
out: 1
in: 0.119 0.518 0.935 0.027 0.218 0.406 0.799
out: 1
in: 0.828 0.033 0.17 0.015 0.43 0.328 0.429
out: 1
in: 0.214 0.8 0.937 0.652 0.3 0.178 0.696
out: 1
in: 0.301 0.898 0.405 0.322 0.316 0.79 0.128
out: 1
in: 0.601 0.292 0.985 0.395 0.706 0.321 0.723
out: 1
in: 0.278 0.603 0.406 0.302 0.566 0.361 0.394
out: 1
in: 0.791 0.057 0.212 0.599 0.709 0.874 0.726
out: 1
in: 0.09 0.497 0.852 0.89 0.478 0.404 0.612
out: 1
in: 0.862 0.679 0.844 0.578 0.92 0.1 0.357
out: 1
in: 0.903 0.498 0.128 0.159 0.135 0.852 0.189
out: 1
in: 0.233 0.272 0.309 0.956 0.868 0.881 0.699
out: 1
in: 0.424 0.969 0.645 0.283 0.743 0.006 0.956
out: 1
in: 0.682 0.265 0.271 0.057 0.783 0.839 0.866
out: 1
in: 0.967 0.831 0.536 0.527 0.023 0.271 0.562
out: 1
in: 0.303 0.972 0.869 0.758 0.719 0.598 0.256
out: 1
in: 0.938 0.961 0.345 0.319 0.931 0.812 0.804
out: 1
in: 0.315 0.565 0.534 0.908 0.004 0.284 0.074
out: 1
in: 0.407 0.302 0.835 0.132 0.167 0.604 0.229
out: 1
in: 0.108 0.557 0.608 0.902 0.452 0.848 0.132
out: 1
in: 0.996 0.987 0.35 0.092 0.429 0.096 0.187
out: 1
in: 0.985 0.952 0.018 0.707 0.66 0.45 0.117
out: 1
in: 0.004 0.9 0.33 0.709 0.024 0.419 0.648
out: 1
in: 0.497 0.316 0.703 0.71 0.066 0.798 0.956
out: 1
in: 0.062 0.437 0.091 0.418 0.45 0.709 0.358
out: 1
in: 0.081 0.206 0.447 0.494 0.51 0.794 0.163
out: 1
in: 0.324 0.324 0.348 0.63 0.05 0.035 0.385
out: 1
in: 0.384 0.758 0.667 0.844 0.354 0.072 0.063
out: 1
in: 0.289 0.623 0.708 0.754 0.91 0.04 0.803
out: 1
in: 0.518 0.274 0.604 0.086 0.764 0.024 0.55
out: 1
in: 0.738 0.236 0.293 0.988 0.814 0.5 0.724
out: 1
in: 0.342 0.383 0.863 0.841 0.768 0.131 0.298
out: 1
in: 0.521 0.796 0.589 0.445 0.037 0.917 0.024
out: 1
in: 0.291 0.986 0.502 0.384 0.418 0.335 0.296
out: 1
in: 0.159 0.872 0.794 0.248 0.509 0.371 0.538
out: 1
in: 0.163 0.183 0.055 0.258 0.89 0.471 0.323
out: 1
in: 0.51 0.948 0.001 0.225 0.289 0.822 0.245
out: 1
in: 0.202 0.596 0.945 0.987 0.201 0.901 0.338
out: 1
in: 0.297 0.758 0.162 0.941 0.291 0.293 0.55
out: 1
in: 0.561 0.133 0.752 0.385 0.578 0.511 0.875
out: 1
in: 0.139 0.211 0.454 0.422 0.026 0.681 0.153
out: 1
in: 0.116 0.486 0.341 0.981 0.236 0.442 0.553
out: 1
in: 0.628 0.787 0.24 0.818 0.766 0.512 0.085
out: 1
in: 0.285 0.777 0.36 0.246 0.964 0.254 0.108
out: 1
in: 0.727 0.434 0.521 0.252 0.337 0.658 0.374
out: 1
in: 0.808 0.547 0.743 0.203 0.463 0.534 0.305
out: 1
in: 0.279 0.796 0.411 0.983 0.08 0.113 0.383
out: 1
in: 0.5 0.265 0.542 0.503 0.079 0.203 0.603
out: 1
in: 0.596 0.37 0.024 0.685 0.652 0.117 0.725
out: 1
in: 0.896 0.237 0.57 0.822 0.702 0.271 0.287
out: 1
in: 0.12 0.981 0.4 0.996 0.572 0.334 0.036
out: 1
in: 0.907 0.387 0.737 0.87 0.191 0.604 0.611
out: 1
in: 0.36 0.295 0.331 0.495 0.924 0.933 0.424
out: 1
in: 0.446 0.065 0.661 0.764 0.235 0.464 0.923
out: 1
in: 0.001 0.04 0.105 0.229 0.035 0.393 0.044
out: 1
in: 0.147 0.37 0.458 0.581 0.862 0.507 0.404
out: 1
in: 0.006 0.178 0.047 0.763 0.554 0.381 0.353
out: 1
in: 0.479 0.081 0.183 0.127 0.646 0.062 0.132
out: 1
in: 0.258 0.107 0.948 0.275 0.537 0.005 0.762
out: 1
in: 0.875 0.444 0.805 0.639 0.756 0.165 0.831
out: 1
in: 0.876 0.556 0.52 0.256 0.267 0.844 0.246
out: 1
in: 0.311 0.833 0.338 0.103 0.337 0.363 0.272
out: 1
in: 0.393 0.826 0.833 0.835 0.146 0.142 0.156
out: 1
in: 0.486 0.567 0.521 0.488 0.26 0.921 0.932
out: 1
in: 0.921 0.593 0.8 0.441 0.152 0.65 0.053
out: 1
in: 0.618 0.819 0.025 0.04 0.048 0.649 0.588
out: 1
in: 0.055 0.696 0.579 0.024 0.94 0.155 0.784
out: 1
in: 0.476 0.016 0.801 0.857 0.304 0.97 0.046
out: 1
in: 0.302 0.077 0.843 0.635 0.372 0.929 0.005
out: 1
in: 0.119 0.826 0.248 0.571 0.642 0.133 0.24
out: 1
in: 0.507 0.013 0.346 0.339 0.145 0.159 0.773
out: 1
in: 0.749 0.168 0.923 0.989 0.419 0.116 0.472
out: 1
in: 0.163 0.825 0.419 0.557 0.666 0.97 0.977
out: 1
in: 0.366 0.332 0.864 0.657 0.29 0.745 0.131
out: 1
in: 0.753 0.712 0.104 0.366 0.995 0.505 0.881
out: 1
in: 0.95 0.085 0.689 0.551 0.574 0.257 0.605
out: 1
in: 0.993 0.16 0.11 0.919 0.818 0.675 0.857
out: 1
in: 0.433 0.529 0.063 0.221 0.073 0.097 0.557
out: 1
in: 0.284 0.172 0.061 0.945 0.021 0.986 0.737
out: 1
in: 0.505 0.262 0.174 0.988 0.625 0.488 0.47
out: 1
in: 0.464 0.698 0.776 0.284 0.176 0.505 0.129
out: 1
in: 0.295 0.461 0.261 0.341 0.627 0.832 0.516
out: 1
in: 0.605 0.756 0.502 0.191 0.873 0.005 0.63
out: 1
in: 0.054 0.702 0.803 0.113 0.04 0.344 0.317
out: 1
in: 0.713 0.621 0.738 0.586 0.518 0.373 0.561
out: 1
in: 0.688 0.904 0.391 0.06 0.712 0.24 0.064
out: 1
in: 0.405 0.558 0.404 0.773 0.581 0.029 0.875
out: 1
in: 0.912 0.682 0.037 0.795 0.713 0.271 0.426
out: 1
in: 0.277 0.027 0.287 0.303 0.287 0.695 0.647
out: 1
in: 0.371 0.84 0.246 0.854 0.519 0.047 0.98
out: 1
in: 0.901 0.856 0.761 0.111 0.619 0.154 0.944
out: 1
in: 0.191 0.014 0.631 0.452 0.539 0.316 0.614
out: 1
in: 0.762 0.553 0.193 0.656 0.512 0.68 0.865
out: 1
in: 0.787 0.777 0.644 0.333 0.283 0.969 0.117
out: 1
in: 0.177 0.284 0.715 0.111 0.988 0.848 0.856
out: 1
in: 0.954 0.523 0.115 0.519 0.726 0.556 0.896
out: 1
in: 0.607 0.82 0.202 0.559 0.378 0.863 0.258
out: 1
in: 0.084 0.262 0.957 0.925 0.258 0.768 0.654
out: 1
in: 0.285 0.11 0.428 0.187 0.607 0.648 0.056
out: 1
in: 0.589 0.34 0.873 0.283 0.724 0.205 0.596
out: 1
in: 0.161 0.262 0.641 0.502 0.739 0.181 0.768
out: 1
in: 0.274 0.918 0.886 0.613 0.134 0.728 0.355
out: 1
in: 0.108 0.931 0.789 0.546 0.882 0.236 0.07
out: 1
in: 0.517 0.186 0.259 0.191 0.61 0.048 0.349
out: 1
in: 0.122 0.674 0.874 0.063 0.086 0.712 0.324
out: 1
in: 0.726 0.895 0.071 0.097 0.206 0.548 0.445
out: 1
in: 0.162 0.46 0.256 0.138 0.26 0.374 0.054
out: 1
in: 0.056 0.907 0.053 0.172 0.382 0.151 0.985
out: 1
in: 0.739 0.073 0.953 0.058 0.447 0.53 0.379
out: 1
in: 0.857 0.438 0.524 0.155 0.539 0.701 0.613
out: 1
in: 0.76 0.454 0.088 0.93 0.62 0.081 0.005
out: 1
in: 0.662 0.639 0.006 0.053 0.3 0.55 0.132
out: 1
in: 0.159 0.575 0.481 0.495 0.728 0.37 0.569
out: 1
in: 0.172 0.694 0.252 0.613 0.893 0.906 0.49
out: 1
in: 0.139 0.103 0.585 0.333 0.322 0.125 0.745
out: 1
in: 0.457 0.519 0.38 0.858 0.983 0.303 0.379
out: 1
in: 0.715 0.502 0.014 0.832 0.229 0.131 0.657
out: 1
in: 0.181 0.093 0.719 0.826 0.716 0.107 0.021
out: 1
in: 0.059 0.889 0.758 0.415 0.943 0.6 0.115
out: 1
in: 0.268 0.243 0.916 0.144 0.089 0.063 0.574
out: 1
in: 0.133 0.759 0.561 0.49 0.112 0.859 0.852
out: 1
in: 0.706 0.14 0.446 0.701 0.213 0.585 0.627
out: 1
in: 0.174 0.803 0.67 0.699 0.488 0.242 0.608
out: 1
in: 0.293 0.382 0.829 0.442 0.09 0.092 0.099
out: 1
in: 0.906 0.5 0.269 0.541 0.804 0.584 0.044
out: 1
in: 0.598 0.11 0.632 0.377 0.617 0.322 0.018
out: 1
in: 0.659 0.993 0.602 0.358 0.361 0.999 0.905
out: 1
in: 0.85 0.843 0.732 0.873 0.098 0.108 0.674
out: 1
in: 0.257 0.762 0.642 0.164 0.982 0.202 0.788
out: 1
in: 0.534 0.778 0.899 0.991 0.295 0.05 0.258
out: 1
in: 0.105 0.843 0.881 0.252 0.975 0.143 0.084
out: 1
in: 0.28 0.789 0.595 0.047 0.287 0.152 0.82
out: 1
in: 0.866 0.256 0.033 0.117 0.573 0.979 0.26
out: 1
in: 0.063 0.233 0.649 0.904 0.585 0.867 0.863
out: 1
in: 0.91 0.524 0.597 0.355 0.527 0.428 0.067
out: 1
in: 0.543 0.355 0.149 0.568 0.507 0.911 0.797
out: 1
in: 0.709 0.381 0.129 0.5 0.713 0.4 0.597
out: 1
in: 0.9 0.933 0.293 0.277 0.897 0.267 0.286
out: 1
in: 0.461 0.939 0.364 0.325 0.227 0.473 0.413
out: 1
in: 0.977 0.469 0.526 0.046 0.662 0.846 0.752
out: 1
in: 0.582 0.626 0.391 0.25 0.916 0.989 0.074
out: 1
in: 0.801 0.429 0.644 0.11 0.292 0.428 0.564
out: 1
in: 0.375 0.982 0.056 0.507 0.964 0.729 0.893
out: 1
in: 0.754 0.785 0.677 0.611 0.418 0.011 0.055
out: 1
in: 0.666 0.244 0.887 0.753 0.05 0.9 0.963
out: 1
in: 0.473 0.331 0.913 0.882 0.534 0.987 0.768
out: 1
in: 0.494 0.584 0.265 0.964 0.372 0.056 0.562
out: 1
in: 0.697 0.077 0.513 0.035 0.193 0.149 0.855
out: 1
in: 0.266 0.125 0.729 0.087 0.219 0.015 0.588
out: 1
in: 0.856 0.91 0.829 0.288 0.006 0.215 0.706
out: 1
in: 0.308 0.586 0.938 0.891 0.63 0.781 0.136
out: 1
in: 0.963 0.405 0.312 0.038 0.558 0.854 0.841
out: 1
in: 0.554 0.152 0.816 0.263 0.672 0.716 0.324
out: 1
in: 0.848 0.093 0.025 0.193 0.45 0.478 0.475
out: 1
in: 0.13 0.256 0.805 0.679 0.276 0.852 0.956
out: 1
in: 0.996 0.489 0.171 0.431 0.364 0.405 0.983
out: 1
in: 0.888 0.946 0.056 0.875 0.618 0.739 0.235
out: 1
in: 0.104 0.546 0.854 0.855 0.093 0.195 0.458
out: 1
in: 0.68 0.174 0.27 0.256 0.881 0.397 0.333
out: 1
in: 0.319 0.95 0.747 0.044 0.174 0.098 0.45
out: 1
in: 0.293 0.928 0.909 0.251 0.242 0.156 0.925
out: 1
in: 0.428 0.973 0.257 0.135 0.431 0.336 0.092
out: 1
in: 0.473 0.979 0.858 0.178 0.571 0.516 0.055
out: 1
in: 0.946 0.342 0.342 0.947 0.975 0.635 0.862
out: 1
in: 0.215 0.831 0.752 0.581 0.856 0.987 0.434
out: 1
in: 0.128 0.847 0.132 0.813 0.367 0.909 0.123
out: 1
in: 0.266 0.02 0.292 0.119 0.585 0.51 0.693
out: 1
in: 0.644 0.781 0.811 0.758 0.177 0.573 0.661
out: 1
in: 0.502 0.073 0.854 0.613 0.742 0.829 0.335
out: 1
in: 0.677 0.152 0.978 0.857 0.617 0.113 0.254
out: 1
in: 0.059 0.33 0.383 0.661 0.096 0.965 0.428
out: 1
in: 0.615 0.03 0.378 0.192 0.193 0.745 0.056
out: 1
in: 0.052 0.263 0.691 0.355 0.47 0.305 0.733
out: 1
in: 0.5 0.626 0.826 0.82 0.297 0.711 0.695
out: 1
in: 0.655 0.676 0.142 0.404 0.633 0.605 0.84
out: 1
in: 0.305 0.723 0.66 0.901 0.443 0.106 0.882
out: 1
in: 0.491 0.354 0.918 0.623 0.296 0.07 0.492
out: 1
in: 0.213 0.254 0.003 0.408 0.145 0.763 0.568
out: 1
in: 0.971 0.211 0.408 0.654 0.233 0.242 0.067
out: 1
in: 0.953 0.126 0.601 0.051 0.626 0.148 0.668
out: 1
in: 0.034 0.272 0.986 0.14 0.653 0.737 0.063
out: 1
in: 0.644 0.83 0.161 0.499 0.111 0.749 0.64
out: 1
in: 0.097 0.919 0.299 0.299 0.225 0.006 0.208
out: 1
in: 0.678 0.994 0.976 0.418 0.551 0.447 0.694
out: 1
in: 0.83 0.239 0.449 0.72 0.129 0.29 0.007
out: 1
in: 0.945 0.676 0.447 0.527 0.07 0.249 0.309
out: 1
in: 0.473 0.748 0.823 0.714 0.182 0.667 0.181
out: 1
in: 0.702 0.302 0.444 0.839 0.934 0.255 0.429
out: 1
in: 0.46 0.354 0.58 0.329 0.529 0.382 0.578
out: 1
in: 0.606 0.532 0.67 0.674 0.29 0.831 0.028
out: 1
in: 0.926 0.023 0.947 0.668 0.853 0.064 0.866
out: 1
in: 0.508 0.283 0.575 0.538 0.765 0.543 0.097
out: 1
in: 0.982 0.35 0.781 0.354 0.441 0.131 0.185
out: 1
in: 0.994 0.703 0.461 0.07 0.154 0.71 0.863
out: 1
in: 0.55 0.104 0.948 0.832 0.545 0.329 0.229
out: 1
in: 0.232 0.975 0.515 0.738 0.371 0.545 0.487
out: 1
in: 0.957 0.274 0.825 0.127 0.948 0.355 0.771
out: 1
in: 0.726 0.069 0.043 0.397 0.491 0.984 0.355
out: 1
in: 0.744 0.392 0.511 0.786 0.782 0.796 0.829
out: 1
in: 0.478 0.764 0.531 0.708 0.536 0.771 0.295
out: 1
in: 0.328 0.576 0.068 0.171 0.413 0.564 0.583
out: 1
in: 0.575 0.844 0.355 0.022 0.689 0.19 0.691
out: 1
in: 0.671 0.246 0.742 0.924 0.727 0.186 0.992
out: 1
in: 0.922 0.825 0.332 0.788 0.94 0.474 0.177
out: 1
in: 0.023 0.242 0.609 0.654 0.345 0.022 0.771
out: 1
in: 0.988 0.113 0.597 0.616 0.589 0.982 0.417
out: 1
in: 0.931 0.54 0.483 0.193 0.174 0.785 0.664
out: 1
in: 0.432 0.957 0.613 0.978 0.903 0.494 0.151
out: 1
in: 0.089 0.926 0.415 0.027 0.338 0.072 0.394
out: 1
in: 0.558 0.342 0.024 0.346 0.668 0.656 0.905
out: 1
in: 0.832 0.787 0.356 0.735 0.973 0.51 0.179
out: 1
in: 0.626 0.537 0.781 0.319 0.312 0.841 0.832
out: 1
in: 0.094 0.982 0.156 0.945 0.558 0.847 0.342
out: 1
in: 0.426 0.616 0.546 0.464 0.586 0.483 0.098
out: 1
in: 0.231 0.397 0.863 0.671 0.371 0.478 0.168
out: 1
in: 0.293 0.99 0.408 0.351 0.616 0.281 0.415
out: 1
in: 0.062 0.2 0.981 0.637 0.079 0.067 0.294
out: 1
in: 0.741 0.867 0.373 0.927 0.565 0.225 0.18
out: 1
in: 0.02 0.184 0.852 0.624 0.054 0.76 0.877
out: 1
in: 0.803 0.448 0.496 0.272 0.704 0.124 0.992
out: 1
in: 0.784 0.759 0.572 0.842 0.441 0.2 0.333
out: 1
in: 0.003 0.546 0.18 0.6 0.561 0.974 0.11
out: 1
in: 0.388 0.425 0.849 0.885 0.806 0.518 0.89
out: 1
in: 0.656 0.83 0.083 0.303 0.958 0.446 0.206
out: 1
in: 0.71 0.822 0.825 0.006 0.021 0.408 0.456
out: 1
in: 0.256 0.068 0.545 0.387 0.817 0.005 0.903
out: 1
in: 0.624 0.263 0.983 0.231 0.105 0.624 0.287
out: 1
in: 0.865 0.354 0.177 0.807 0.822 0.651 0.941
out: 1
in: 0.195 0.218 0.032 0.79 0.394 0.611 0.409
out: 1
in: 0.457 0.506 0.139 0.632 0.2 0.001 0.634
out: 1
in: 0.483 0.315 0.636 0.05 0.573 0.862 0.907
out: 1
in: 0.253 0.673 0.523 0.545 0.981 0.794 0.091
out: 1
in: 0.257 0.698 0.093 0.146 0.692 0.764 0.966
out: 1
in: 0.359 0.585 0.999 0.275 0.408 0.286 0.521
out: 1
in: 0.481 0.914 0.248 0.579 0.55 0.235 0.71
out: 1
in: 0.126 0.842 0.971 0.935 0.415 0.009 0.889
out: 1
in: 0.903 0.173 0.338 0.844 0.693 0.11 0.402
out: 1
in: 0.806 0.152 0.26 0.661 0.189 0.232 0.185
out: 1
in: 0.916 0.575 0.682 0.777 0.167 0.216 0.947
out: 1
in: 0.204 0.864 0.38 0.765 0.736 0.186 0.828
out: 1
in: 0.058 0.566 0.173 0.669 0.007 0.345 0.321
out: 1
in: 0.728 0.688 0.912 0.222 0.178 0.965 0.533
out: 1
in: 0.201 0.087 0.695 0.081 0.811 0.979 0.743
out: 1
in: 0.169 0.197 0.147 0.233 0.421 0.093 0.527
out: 1
in: 0.449 0.063 0.558 0.117 0.088 0.605 0.867
out: 1
in: 0.847 0.135 0.271 0.942 0.019 0.063 0.698
out: 1
in: 0.207 0.597 0.13 0.841 0.739 0.576 0.594
out: 1
in: 0.284 0.468 0.971 0.053 0.072 0.889 0.583
out: 1
in: 0.402 0.799 0.24 0.035 0.305 0.693 0.24
out: 1
in: 0.753 0.78 0.951 0.392 0.718 0.297 0.669
out: 1
in: 0.101 0.802 0.092 0.231 0.916 0.038 0.627
out: 1
in: 0.154 0.29 0.386 0.798 0.199 0.504 0.964
out: 1
in: 0.076 0.081 0.357 0.03 0.033 0.915 0.963
out: 1
in: 0.372 0.442 0.736 0.404 0.305 0.986 0.239
out: 1
in: 0.918 0.469 0.078 0.321 0.81 0.676 0.918
out: 1
in: 0.036 0.21 0.86 0.229 0.437 0.079 0.85
out: 1
in: 0.062 0.605 0.446 0.851 0.254 0.352 0.555
out: 1
in: 0.45 0.666 0.653 0.297 0.907 0.073 0.708
out: 1
in: 0.873 0.139 0.148 0.127 0.618 0.301 0.494
out: 1
in: 0.974 0.174 0.502 0.185 0.686 0.174 0.44
out: 1
in: 0.686 0.036 0.265 0.142 0.568 0.187 0.977
out: 1
in: 0.255 0.987 0.109 0.769 0.275 0.246 0.659
out: 1
in: 0.158 0.071 0.333 0.676 0.128 0.668 0.732
out: 1
in: 0.129 0.523 0.181 1.0 0.966 0.53 0.22
out: 1
in: 0.631 0.431 0.619 0.786 0.205 0.25 0.324
out: 1
in: 0.992 0.952 0.233 0.435 0.934 0.958 0.788
out: 1
in: 0.844 0.361 0.435 0.817 0.765 0.181 0.691
out: 1
in: 0.785 0.832 0.857 0.164 0.334 0.396 0.246
out: 1
in: 0.813 0.738 0.163 0.728 0.953 0.232 0.203
out: 1
in: 0.63 0.937 0.611 0.883 0.957 0.699 0.881
out: 1
in: 0.644 0.383 0.491 0.063 0.42 0.049 0.05
out: 1
in: 0.043 0.729 0.908 0.337 0.457 0.68 0.469
out: 1
in: 0.276 0.981 0.184 0.467 0.253 0.667 0.972
out: 1
in: 0.109 0.641 0.439 0.735 0.676 0.419 0.836
out: 1
in: 0.073 0.881 0.131 0.52 0.898 0.055 0.168
out: 1
in: 0.413 0.501 0.012 0.991 0.555 0.199 0.675
out: 1
in: 0.666 0.672 0.963 0.32 0.302 0.19 0.999
out: 1
in: 0.952 0.62 0.941 0.049 0.089 0.833 0.008
out: 1
in: 0.098 0.034 0.194 0.205 0.456 0.336 0.38
out: 1
in: 0.99 0.357 0.51 0.83 0.431 0.042 0.265
out: 1
in: 0.764 0.963 0.56 0.293 0.773 0.653 0.282
out: 1
in: 0.184 0.164 0.663 0.918 0.927 0.721 0.521
out: 1
in: 0.088 0.607 0.403 0.722 0.472 0.304 0.471
out: 1
in: 0.756 0.571 0.771 0.964 0.807 0.31 0.385
out: 1
in: 0.323 0.974 0.192 0.411 0.404 0.64 0.82
out: 1
in: 0.506 0.885 0.977 0.297 0.163 0.53 0.396
out: 1
in: 0.666 0.365 0.045 0.679 0.477 0.321 0.983
out: 1
in: 0.586 0.373 0.997 0.524 0.925 0.01 0.395
out: 1
in: 0.744 0.855 0.049 0.009 0.185 0.952 0.248
out: 1
in: 0.13 0.137 0.531 0.503 0.308 0.719 0.317
out: 1
in: 0.332 0.816 0.07 0.526 0.762 0.438 0.144
out: 1
in: 0.454 0.13 0.863 0.967 0.578 0.968 0.799
out: 1
in: 0.249 0.891 0.674 0.428 0.009 0.876 0.907
out: 1
in: 0.375 0.462 0.166 0.066 0.726 0.108 0.985
out: 1
in: 0.752 0.686 0.893 0.398 0.509 0.943 0.837
out: 1
in: 0.251 0.271 0.687 0.764 0.035 0.861 0.66
out: 1
in: 0.925 0.922 0.371 0.434 0.405 0.12 0.665
out: 1
in: 0.736 0.646 0.104 0.512 0.892 0.884 0.5
out: 1
in: 0.244 0.207 0.541 0.818 0.025 0.634 0.089
out: 1
in: 0.642 0.307 0.323 0.392 0.156 0.994 0.38
out: 1
in: 0.273 0.308 0.756 0.449 0.301 0.88 0.546
out: 1
in: 0.373 0.035 0.073 0.006 0.922 0.051 0.176
out: 1
in: 0.9 0.913 0.829 0.774 0.596 0.129 0.756
out: 1
in: 0.845 0.513 0.443 0.566 0.224 0.057 0.335
out: 1
in: 0.929 0.369 0.947 0.205 0.704 0.655 0.955
out: 1
in: 0.652 0.394 0.439 0.943 0.937 0.715 0.283
out: 1
in: 0.652 0.978 0.21 0.446 0.603 0.352 0.595
out: 1
in: 0.781 0.068 0.254 0.802 0.922 0.336 0.626
out: 1
in: 0.531 0.625 0.639 0.622 0.729 0.171 0.716
out: 1
in: 0.554 0.304 0.112 0.198 0.022 0.074 0.206
out: 1
in: 0.94 0.861 0.834 0.123 0.178 0.572 0.196
out: 1
in: 0.071 0.523 0.238 0.343 0.403 0.308 0.946
out: 1
in: 0.766 0.482 0.51 0.952 0.997 0.871 0.871
out: 1
in: 0.005 0.842 0.91 0.936 0.921 0.806 0.4
out: 1
in: 0.406 0.351 0.334 0.917 0.024 0.317 0.971
out: 1
in: 0.315 0.723 0.393 0.781 0.007 0.183 0.844
out: 1
in: 0.755 0.66 0.934 0.119 0.97 0.197 0.789
out: 1
in: 0.109 0.476 0.447 0.998 0.503 0.295 0.075
out: 1
in: 0.739 0.122 0.398 0.322 0.847 0.742 0.346
out: 1
in: 0.649 0.582 0.78 0.405 0.546 0.992 0.968
out: 1
in: 0.825 0.695 0.729 0.529 0.629 0.021 0.153
out: 1
in: 0.915 0.022 0.833 0.473 0.771 0.661 0.985
out: 1
in: 0.166 0.216 0.919 0.295 0.838 0.345 0.498
out: 1
in: 0.143 0.531 0.851 0.812 0.137 0.366 0.382
out: 1
in: 0.403 0.42 0.372 0.683 0.044 0.585 0.501
out: 1
in: 0.4 0.034 0.64 0.19 0.536 0.1 0.023
out: 1
in: 0.252 0.862 0.728 0.106 0.733 0.483 0.99
out: 1
in: 0.506 0.877 0.818 0.822 0.188 0.396 0.545
out: 1
in: 0.841 0.426 0.084 0.129 0.377 0.606 0.506
out: 1
in: 0.528 0.532 0.696 0.718 0.687 0.065 0.17
out: 1
in: 0.029 0.543 0.259 0.226 0.088 0.409 0.587
out: 1
in: 0.879 0.596 0.91 0.54 0.407 0.098 0.834
out: 1
in: 0.414 0.931 0.689 0.44 0.573 0.216 0.596
out: 1
in: 0.033 0.55 0.592 0.271 0.588 0.247 0.376
out: 1
in: 0.073 0.963 0.483 0.849 0.333 0.403 0.895
out: 1
in: 0.584 0.957 0.418 0.505 0.686 0.009 0.34
out: 1
in: 0.34 0.83 0.698 0.726 0.196 0.824 0.831
out: 1
in: 0.801 0.831 0.839 0.351 0.966 0.143 0.487
out: 1
in: 0.841 0.577 0.996 0.92 0.667 0.812 0.032
out: 1
in: 0.015 0.93 0.04 0.375 0.005 0.43 0.951
out: 1
in: 0.786 0.408 0.811 0.812 0.242 0.671 0.738
out: 1
in: 0.285 0.909 0.395 0.522 0.29 0.62 0.198
out: 1
in: 0.473 0.187 0.962 0.647 0.695 0.536 0.754
out: 1
in: 0.945 0.29 0.766 0.768 0.486 0.853 0.571
out: 1
in: 0.096 0.312 0.988 0.78 0.788 0.33 0.451
out: 1
in: 0.241 0.034 0.065 0.362 0.123 0.287 0.439
out: 1
in: 0.974 0.869 0.101 0.614 0.04 0.694 0.694
out: 1
in: 0.091 0.481 0.502 0.587 0.97 0.458 0.814
out: 1
in: 0.723 0.271 0.679 0.634 0.805 0.973 0.235
out: 1
in: 0.982 0.554 0.173 0.094 0.471 0.256 0.062
out: 1
in: 0.538 0.729 0.93 0.426 0.387 0.523 0.801
out: 1
in: 0.618 0.747 0.128 0.136 0.524 0.369 0.861
out: 1
in: 0.905 0.843 0.722 0.728 0.391 0.406 0.198
out: 1
in: 0.667 0.887 0.078 0.615 0.975 0.175 0.828
out: 1
in: 0.938 0.239 0.743 0.754 0.771 0.313 0.931
out: 1
in: 0.887 0.228 0.897 0.139 0.164 0.704 0.218
out: 1
in: 0.329 0.827 0.731 0.045 0.042 0.902 0.285
out: 1
in: 0.113 0.246 0.761 0.282 0.078 0.166 0.465
out: 1
in: 0.925 0.842 0.568 0.089 0.495 0.714 0.531
out: 1
in: 0.886 0.571 0.824 0.198 0.429 0.326 0.723
out: 1
in: 0.199 0.192 0.632 0.435 0.232 0.023 0.161
out: 1
in: 0.935 0.714 0.47 0.288 0.874 0.616 0.718
out: 1
in: 0.405 0.972 0.054 0.57 0.121 0.376 0.833
out: 1
in: 0.892 0.595 0.216 0.018 0.073 0.21 0.463
out: 1
in: 0.878 0.671 0.94 0.247 0.695 0.387 0.728
out: 1
in: 0.353 0.851 0.11 0.932 0.444 0.425 0.683
out: 1
in: 0.617 0.604 0.201 0.566 0.703 0.458 0.642
out: 1
in: 0.748 0.255 0.04 0.438 0.974 0.498 0.266
out: 1
in: 0.838 0.12 0.624 0.7 0.569 0.369 0.42
out: 1
in: 0.007 0.71 0.254 0.229 0.905 0.673 0.333
out: 1
in: 0.949 0.342 0.132 0.766 0.777 0.476 0.848
out: 1
in: 0.461 0.373 0.007 0.658 0.113 0.444 0.504
out: 1
in: 0.547 0.712 0.584 0.832 0.962 0.743 0.036
out: 1
in: 0.826 0.199 0.602 0.233 0.392 0.254 0.962
out: 1
in: 0.058 0.211 0.146 0.788 0.386 0.814 0.484
out: 1
in: 0.515 0.408 0.405 0.929 0.412 0.012 0.05
out: 1
in: 0.204 0.996 0.621 0.039 0.4 0.259 0.557
out: 1
in: 0.016 0.949 0.78 0.784 0.736 0.204 0.695
out: 1
in: 0.006 0.702 0.329 0.635 0.62 0.078 0.074
out: 1
in: 0.465 0.727 0.77 0.909 0.588 0.559 0.88
out: 1
in: 0.784 0.981 0.339 0.887 0.892 0.23 0.8
out: 1
in: 0.472 0.184 0.605 0.986 0.547 0.745 0.423
out: 1
in: 0.901 0.053 0.99 0.755 0.784 0.66 0.158
out: 1
in: 0.467 0.949 0.624 0.667 0.087 0.49 0.389
out: 1
in: 0.414 0.619 0.268 0.824 0.662 0.934 0.267
out: 1
in: 0.289 0.812 0.014 0.534 0.383 0.592 0.681
out: 1
in: 0.182 0.646 0.191 0.332 0.764 0.923 0.765
out: 1
in: 0.244 0.317 0.821 0.28 0.039 0.542 0.27
out: 1
in: 0.478 0.318 0.833 0.33 0.51 0.089 0.301
out: 1
in: 0.995 0.699 0.77 0.26 0.04 0.216 0.171
out: 1
in: 0.654 0.93 0.982 0.944 0.028 0.743 0.197
out: 1
in: 0.814 0.638 0.962 0.007 0.405 0.125 0.028
out: 1
in: 0.15 0.301 0.623 0.501 0.687 0.702 0.274
out: 1
in: 0.315 0.486 0.57 0.294 0.396 0.634 0.511
out: 1
in: 0.193 0.343 0.831 0.78 0.942 0.592 0.466
out: 1
in: 0.265 0.319 0.532 0.609 0.745 0.935 0.023
out: 1
in: 0.103 0.465 0.16 0.303 0.771 0.744 0.808
out: 1
in: 0.882 0.93 0.33 0.203 0.022 0.992 0.149
out: 1
in: 0.127 0.966 0.044 0.02 0.344 0.226 0.053
out: 1
in: 0.961 0.873 0.362 0.331 0.944 0.388 0.849
out: 1
in: 0.215 0.597 0.569 0.606 0.147 0.231 0.707
out: 1
in: 0.235 0.065 0.77 0.528 0.886 0.351 0.593
out: 1
in: 0.314 0.67 0.18 0.934 0.835 0.058 0.309
out: 1
in: 0.492 0.962 0.198 0.5 0.731 0.975 0.279
out: 1
in: 0.493 0.387 0.752 0.038 0.817 0.724 0.375
out: 1
in: 0.714 0.58 0.691 0.877 0.81 0.229 0.304
out: 1
in: 0.138 0.977 0.263 0.367 0.687 0.114 0.473
out: 1
in: 0.828 0.738 0.871 0.731 0.955 0.213 0.736
out: 1
in: 0.386 0.077 0.512 0.669 0.84 0.631 0.522
out: 1
in: 0.001 0.573 0.1 0.116 0.695 0.763 0.832
out: 1
in: 0.663 0.829 0.358 0.42 0.433 0.87 0.118
out: 1
in: 0.363 0.285 0.621 0.486 0.923 0.62 0.557
out: 1
in: 0.871 0.368 0.551 0.037 0.913 0.083 0.439
out: 1
in: 0.47 0.052 0.501 0.877 0.813 0.516 0.352
out: 1
in: 0.331 0.619 0.429 0.814 0.206 0.996 0.902
out: 1
in: 0.921 0.643 0.464 0.149 0.24 0.866 0.047
out: 1
in: 0.545 0.944 0.332 0.636 0.09 0.313 0.322
out: 1
in: 0.553 0.343 0.893 0.696 0.835 0.204 0.09
out: 1
in: 0.322 0.256 0.04 0.919 0.262 0.625 0.297
out: 1
in: 0.319 0.007 0.694 0.396 0.768 0.29 0.912
out: 1
in: 0.212 0.094 0.469 0.604 0.436 0.385 0.238
out: 1
in: 0.29 0.842 0.58 0.84 0.145 0.561 0.044
out: 1
in: 0.845 0.819 0.077 0.469 0.541 0.914 0.742
out: 1
in: 0.701 0.396 0.641 0.11 0.382 0.015 0.405
out: 1
in: 0.83 0.536 0.554 0.017 0.702 0.067 0.454
out: 1
in: 0.682 0.215 0.174 0.204 0.27 0.952 0.586
out: 1
in: 0.709 0.47 0.059 0.814 0.678 0.118 0.456
out: 1
in: 0.907 0.45 0.706 0.916 0.228 0.595 0.962
out: 1
in: 0.157 0.172 0.534 0.59 0.245 0.723 0.726
out: 1
in: 0.995 0.185 0.112 0.246 0.3 0.143 0.036
out: 1
in: 0.691 0.428 0.039 0.859 0.625 0.715 0.62
out: 1
in: 0.153 0.121 0.287 0.405 0.81 0.391 0.927
out: 1
in: 0.982 0.605 0.582 0.609 0.428 0.9 0.334
out: 1
in: 0.054 0.873 0.728 0.183 0.527 0.338 0.133
out: 1
in: 0.849 0.762 0.004 0.856 0.998 0.547 0.82
out: 1
in: 0.805 0.011 0.958 0.199 0.827 0.261 0.71
out: 1
in: 0.166 0.697 0.872 0.27 0.766 0.745 0.295
out: 1
in: 0.232 0.851 0.066 0.485 0.528 0.433 0.434
out: 1
in: 0.992 0.141 0.315 0.009 0.081 0.547 0.637
out: 1
in: 0.436 0.069 0.011 0.019 0.97 0.944 0.635
out: 1
in: 0.68 0.031 0.064 0.24 0.269 0.772 0.061
out: 1
in: 0.956 0.617 0.87 0.235 0.547 0.666 0.333
out: 1
in: 0.587 0.972 0.963 0.967 0.664 0.472 0.803
out: 1
in: 0.077 0.832 0.674 0.484 0.531 0.638 0.044
out: 1
in: 0.979 0.137 0.021 0.112 0.304 0.833 0.589
out: 1
in: 0.038 0.98 0.773 0.898 0.357 0.894 0.445
out: 1
in: 0.701 0.917 0.149 0.531 0.527 0.045 0.749
out: 1
in: 0.297 0.376 0.641 0.291 0.218 0.666 0.816
out: 1
in: 0.83 0.185 0.068 0.565 0.921 0.361 0.504
out: 1
in: 0.359 0.889 0.623 0.115 0.028 0.753 0.623
out: 1
in: 0.377 0.1 0.015 0.279 0.64 0.774 0.675
out: 1
in: 0.904 0.191 0.929 0.865 0.248 0.9 0.187
out: 1
in: 0.298 0.752 0.457 0.056 0.566 0.777 0.112
out: 1
in: 0.721 0.068 0.162 0.002 0.396 0.631 0.148
out: 1
in: 0.489 0.42 0.053 0.33 0.686 0.746 0.971
out: 1
in: 0.037 0.096 0.07 0.72 0.105 0.222 0.889
out: 1
in: 0.59 0.932 0.482 0.638 0.636 0.196 0.069
out: 1
in: 0.397 0.062 0.394 0.632 0.658 0.184 0.27
out: 1
in: 0.111 0.994 0.639 0.42 0.443 0.68 0.178
out: 1
in: 0.488 0.866 0.149 0.619 0.056 0.766 0.827
out: 1
in: 0.448 0.122 0.499 0.08 0.347 0.009 0.392
out: 1
in: 0.417 0.051 0.797 0.371 0.139 0.006 0.127
out: 1
in: 0.349 0.127 0.178 0.061 0.337 0.901 0.755
out: 1
in: 0.69 0.764 0.008 0.069 0.097 0.053 0.476
out: 1
in: 0.363 0.337 0.861 0.96 0.614 0.5 0.418
out: 1
in: 0.717 0.728 0.67 0.044 0.075 0.859 0.516
out: 1
in: 0.444 0.735 0.356 0.173 0.696 0.09 0.616
out: 1
in: 0.238 0.402 0.843 0.429 0.161 0.205 0.152
out: 1
in: 0.485 0.065 0.073 0.28 0.639 0.347 0.413
out: 1
in: 0.377 0.196 0.922 0.319 0.498 0.029 0.43
out: 1
in: 0.256 0.207 0.722 0.597 0.229 0.865 0.047
out: 1
in: 0.102 0.837 0.18 0.222 0.193 0.963 0.289
out: 1
in: 0.36 0.621 0.23 0.389 0.189 0.858 0.676
out: 1
in: 0.502 0.956 0.243 0.623 0.899 0.237 0.7
out: 1
in: 0.103 0.535 0.329 0.267 0.436 0.255 0.624
out: 1
in: 0.725 0.46 0.274 0.93 0.44 0.815 0.463
out: 1
in: 0.472 0.913 0.987 0.48 0.464 0.645 0.373
out: 1
in: 0.925 0.772 0.521 0.454 0.181 0.394 0.471
out: 1
in: 0.606 0.201 0.828 0.532 0.22 0.228 0.763
out: 1
in: 0.261 0.619 0.572 0.221 0.954 0.086 0.339
out: 1
in: 0.938 0.231 0.544 0.04 0.03 0.496 0.002
out: 1
in: 0.179 0.456 0.388 0.999 0.844 0.634 0.737
out: 1
in: 0.655 0.002 0.535 0.976 0.962 0.252 0.117
out: 1
in: 0.264 0.523 0.37 0.798 0.165 0.939 0.678
out: 1
in: 0.668 0.646 0.907 0.225 0.987 0.7 0.4
out: 1
in: 0.548 0.128 0.595 0.057 0.615 0.822 0.674
out: 1
in: 0.418 0.826 0.018 0.688 0.861 0.54 0.996
out: 1
in: 0.593 0.687 0.749 0.903 0.503 0.877 0.264
out: 1
in: 0.491 0.002 0.948 0.96 0.576 0.915 0.523
out: 1
in: 0.798 0.136 0.143 0.362 0.431 0.398 0.573
out: 1
in: 0.786 0.19 0.548 0.145 0.733 0.853 0.651
out: 1
in: 0.7 0.318 0.135 0.847 0.7 0.727 0.036
out: 1
in: 0.687 0.362 0.303 0.611 0.398 0.642 0.55
out: 1
in: 0.834 0.769 0.766 0.804 0.246 0.533 0.936
out: 1
in: 0.584 0.973 0.49 0.333 0.618 0.579 0.042
out: 1
in: 0.833 0.455 0.065 0.85 0.039 0.555 0.398
out: 1
in: 0.535 0.459 0.094 0.204 0.381 0.258 0.987
out: 1
in: 0.53 0.613 0.643 0.21 0.91 0.99 0.228
out: 1
in: 0.883 0.965 0.121 0.692 0.631 0.028 0.036
out: 1
in: 0.362 0.911 0.314 0.331 0.529 0.846 0.056
out: 1
in: 0.88 0.363 0.103 0.253 0.206 0.501 0.101
out: 1
in: 0.067 0.129 0.061 0.304 0.998 0.199 0.342
out: 1
in: 0.004 0.534 0.854 0.907 0.51 0.071 0.997
out: 1
in: 0.936 0.738 0.993 0.786 0.504 0.788 0.753
out: 1
in: 0.923 0.763 0.603 0.393 0.436 0.208 0.485
out: 1
in: 0.115 0.821 0.955 0.48 0.546 0.41 0.739
out: 1
in: 0.146 0.229 0.175 0.273 0.722 0.705 0.137
out: 1
in: 0.926 0.126 0.904 0.526 0.578 0.435 0.965
out: 1
in: 0.039 0.139 0.679 0.101 0.412 0.801 0.443
out: 1
in: 0.655 0.506 0.315 0.47 0.473 0.937 0.957
out: 1
in: 0.769 0.873 0.145 0.915 0.029 0.757 0.973
out: 1
in: 0.687 0.63 0.517 0.01 0.847 0.865 0.932
out: 1
in: 0.9 0.53 0.306 0.61 0.912 0.35 0.318
out: 1
in: 0.981 0.762 0.683 0.535 0.409 0.403 0.272
out: 1
in: 0.47 0.403 0.243 0.618 0.072 0.042 0.841
out: 1
in: 0.53 0.905 0.308 0.344 0.475 0.296 0.598
out: 1
in: 0.943 0.916 0.904 0.424 0.355 0.057 0.566
out: 1
in: 0.465 0.58 0.586 0.349 0.437 0.137 0.123
out: 1
in: 0.846 0.432 0.421 0.258 0.962 0.716 0.366
out: 1
in: 0.902 0.237 0.213 0.781 0.899 0.403 0.676
out: 1
in: 0.619 0.725 0.278 0.881 0.825 0.312 0.766
out: 1
in: 0.371 0.44 0.555 0.544 0.463 0.162 0.188
out: 1
in: 0.603 0.857 0.778 0.2 0.616 0.171 0.182
out: 1
in: 0.781 0.107 0.661 0.832 0.748 0.461 0.62
out: 1
in: 0.198 0.794 0.103 0.417 0.463 0.457 0.285
out: 1
in: 0.045 0.232 0.625 0.373 0.39 0.204 0.627
out: 1
in: 0.172 0.64 0.286 0.137 0.815 0.629 0.571
out: 1
in: 0.205 0.74 0.793 0.373 0.283 0.588 0.268
out: 1
in: 0.5 0.522 0.387 0.47 0.376 0.196 0.333
out: 1
in: 0.426 0.07 0.239 0.974 0.976 0.407 0.963
out: 1
in: 0.132 0.054 0.518 0.392 0.821 0.05 0.122
out: 1
in: 0.444 0.574 0.245 0.589 0.6 0.434 0.242
out: 1
in: 0.032 0.265 0.527 0.763 0.027 0.136 0.376
out: 1
in: 0.923 0.702 0.196 0.163 0.26 0.647 0.556
out: 1
in: 0.708 0.803 0.771 0.576 0.007 0.996 0.191
out: 1
in: 0.373 0.134 0.016 0.428 0.666 0.915 0.565
out: 1
in: 0.152 0.996 0.107 0.019 0.524 0.216 0.758
out: 1
in: 0.362 0.466 0.779 0.199 0.515 0.608 0.303
out: 1
in: 0.643 0.058 0.891 0.403 0.306 0.209 0.441
out: 1
in: 0.653 0.7 0.521 0.927 0.252 0.007 0.566
out: 1
in: 0.846 0.342 0.724 0.922 0.896 0.927 0.736
out: 1
in: 0.834 0.359 0.013 0.538 0.531 0.836 0.308
out: 1
in: 0.002 0.322 0.52 0.855 0.432 0.265 0.642
out: 1
in: 0.646 0.022 0.413 0.922 0.608 0.55 0.034
out: 1
in: 0.613 0.962 0.358 0.023 0.683 0.683 0.878
out: 1
in: 0.249 0.616 0.09 0.95 0.925 0.06 0.586
out: 1
in: 0.172 0.838 0.814 0.868 0.384 0.314 0.31
out: 1
in: 0.78 0.273 0.624 0.179 0.066 0.591 0.628
out: 1
in: 0.654 0.616 0.778 0.914 0.9 0.597 0.099
out: 1
in: 0.718 0.299 0.74 0.208 0.601 0.675 0.695
out: 1
in: 0.311 0.568 0.358 0.986 0.744 0.383 0.644
out: 1
in: 0.722 0.598 0.193 0.336 0.566 0.531 0.076
out: 1
in: 0.27 0.149 0.99 0.491 0.617 0.739 0.58
out: 1
in: 0.337 0.143 0.367 0.637 0.427 0.72 0.279
out: 1
in: 0.86 0.376 0.068 0.788 0.146 0.217 0.867
out: 1
in: 0.54 0.151 0.496 0.157 0.006 0.453 0.649
out: 1
in: 0.819 0.964 0.948 0.705 0.407 0.202 0.403
out: 1
in: 0.821 0.89 0.91 0.727 0.867 0.21 0.847
out: 1
in: 0.979 0.416 0.918 0.818 0.859 0.908 0.453
out: 1
in: 0.381 0.894 0.459 0.92 0.713 0.809 0.138
out: 1
in: 0.272 0.275 0.997 0.885 0.305 0.68 0.894
out: 1
in: 0.799 0.364 0.287 0.685 0.194 0.083 0.448
out: 1
in: 0.667 0.466 0.178 0.743 0.735 0.567 0.364
out: 1
in: 0.45 0.05 0.179 0.606 0.669 0.513 0.525
out: 1
in: 0.981 0.769 0.373 0.419 0.666 0.618 0.871
out: 1
in: 0.193 0.967 0.36 0.115 0.905 0.605 0.731
out: 1
in: 0.291 0.269 0.703 0.427 0.338 0.256 0.1
out: 1
in: 0.28 0.036 0.878 0.088 0.53 0.224 0.835
out: 1
in: 0.511 0.042 0.147 0.542 0.429 0.286 0.876
out: 1
in: 0.795 0.261 0.123 0.777 0.567 0.068 0.665
out: 1
in: 0.399 0.442 0.825 0.659 0.993 0.628 0.587
out: 1
in: 0.155 0.663 0.614 0.818 0.202 0.915 0.197
out: 1
in: 0.632 0.928 0.068 0.909 0.309 0.321 0.203
out: 1
in: 0.537 0.7 0.943 0.267 0.143 0.724 0.016
out: 1
in: 0.952 0.143 0.84 0.939 0.429 0.67 0.557
out: 1
in: 0.188 0.005 0.66 0.619 0.431 0.574 0.294
out: 1
in: 0.344 0.686 0.329 0.797 0.753 0.666 0.717
out: 1
in: 0.826 0.398 0.201 0.335 0.351 0.528 0.054
out: 1
in: 0.778 0.145 0.841 0.226 0.145 0.469 0.106
out: 1
in: 0.483 0.207 0.008 0.414 0.725 0.352 0.063
out: 1
in: 0.612 0.844 0.957 0.008 0.601 0.476 0.309
out: 1
in: 0.125 0.73 0.984 0.233 0.686 0.115 0.927
out: 1
in: 0.162 0.84 0.733 0.603 0.918 0.872 0.27
out: 1
in: 0.834 0.724 0.281 0.713 0.57 0.938 0.575
out: 1
in: 0.023 0.712 0.616 0.982 0.456 0.376 0.092
out: 1
in: 0.396 0.14 0.476 0.814 0.402 0.002 0.671
out: 1
in: 0.488 0.066 0.32 0.617 0.495 0.703 0.397
out: 1
in: 0.833 0.109 0.936 0.481 0.873 0.369 0.867
out: 1
in: 0.599 0.393 0.826 0.824 0.889 0.669 0.392
out: 1
in: 0.255 0.985 0.645 0.863 0.179 0.487 0.979
out: 1
in: 0.092 0.572 0.803 0.875 0.191 0.888 0.576
out: 1
in: 0.131 0.3 0.112 0.212 0.816 0.516 0.711
out: 1
in: 0.076 0.121 0.684 0.568 0.201 0.093 0.709
out: 1
in: 0.178 0.795 0.376 0.718 0.76 0.083 0.266
out: 1
in: 0.254 0.645 0.018 0.255 0.563 0.271 0.5
out: 1
in: 0.072 0.852 0.646 0.333 0.79 0.494 0.885
out: 1
in: 0.798 0.34 0.62 0.441 0.404 0.145 0.224
out: 1
in: 0.317 0.338 0.587 0.007 0.538 0.869 0.605
out: 1
in: 0.531 0.992 0.708 0.968 0.436 0.176 0.522
out: 1
in: 0.29 0.817 0.547 0.875 0.265 0.275 0.319
out: 1
in: 0.77 0.841 0.913 0.504 0.378 0.773 0.42
out: 1
in: 0.56 0.841 0.522 0.735 0.093 0.123 0.311
out: 1
in: 0.671 0.622 0.473 0.108 0.884 0.657 0.05
out: 1
in: 0.207 0.141 0.767 0.248 0.861 0.087 0.31
out: 1
in: 0.216 0.718 0.803 0.391 0.736 0.812 0.793
out: 1
in: 0.298 0.19 0.809 0.893 0.581 0.52 0.894
out: 1
in: 0.086 0.575 0.596 0.788 0.274 0.849 0.905
out: 1
in: 0.124 0.504 0.895 0.952 0.545 0.693 0.607
out: 1
in: 0.455 0.072 0.655 0.689 0.455 0.329 0.136
out: 1
in: 0.805 0.419 0.59 0.579 0.018 0.603 0.657
out: 1
in: 0.437 0.733 0.032 0.911 0.291 0.282 0.009
out: 1
in: 0.178 0.99 0.261 0.53 0.457 0.386 0.433
out: 1
in: 0.842 0.44 0.612 0.283 0.775 0.088 0.094
out: 1
in: 0.255 0.667 0.752 0.457 0.929 0.267 0.175
out: 1
in: 0.622 0.761 0.869 0.747 0.568 0.124 0.031
out: 1
in: 0.783 0.144 0.526 0.55 0.046 0.882 0.258
out: 1
in: 0.582 0.691 0.66 0.926 0.396 0.105 0.343
out: 1
in: 0.098 0.909 0.767 0.313 0.832 0.97 0.133
out: 1
in: 0.075 0.55 0.006 0.254 0.987 0.062 0.382
out: 1
in: 0.837 0.012 0.015 0.147 0.829 0.392 0.814
out: 1
in: 0.945 0.701 0.305 0.826 0.315 0.362 0.08
out: 1
in: 0.828 0.845 0.815 0.799 0.435 0.649 0.489
out: 1
in: 0.707 0.651 0.073 0.887 0.993 0.209 0.203
out: 1
in: 0.157 0.998 0.882 0.038 0.353 0.874 0.507
out: 1
in: 0.196 0.874 0.344 0.084 0.256 0.828 0.148
out: 1
in: 0.146 0.849 0.986 0.719 0.894 0.491 0.418
out: 1
in: 0.318 0.99 0.908 0.849 0.337 0.948 0.84
out: 1
in: 0.686 0.775 0.1 0.86 0.953 0.292 0.64
out: 1
in: 0.004 0.819 0.382 0.174 0.834 0.567 0.175
out: 1
in: 0.498 0.093 0.379 0.932 0.055 0.165 0.911
out: 1
in: 0.14 0.576 0.263 0.185 0.376 0.899 0.291
out: 1
in: 0.502 0.488 0.312 0.166 0.614 0.978 0.213
out: 1
in: 0.447 0.718 0.721 0.566 0.383 0.046 0.504
out: 1
in: 0.616 0.892 0.317 0.785 0.891 0.867 0.572
out: 1
in: 0.8 0.807 0.257 0.718 0.453 0.313 0.827
out: 1
in: 0.022 0.298 0.713 0.827 0.469 0.531 0.701
out: 1
in: 0.364 0.348 0.983 0.019 0.191 0.615 0.064
out: 1
in: 0.328 0.636 0.745 0.589 0.584 0.025 0.857
out: 1
in: 0.249 0.021 0.976 0.473 0.771 0.569 0.316
out: 1
in: 0.836 0.685 0.649 0.72 0.277 0.086 0.487
out: 1
in: 0.945 0.775 0.028 0.957 0.98 0.1 0.95
out: 1
in: 0.91 0.793 0.376 0.728 0.614 0.096 0.036
out: 1
in: 0.876 0.395 0.08 0.628 0.613 0.203 0.741
out: 1
in: 0.867 0.658 0.891 0.216 0.101 0.827 0.001
out: 1
in: 0.641 0.495 0.235 0.158 0.319 0.437 0.255
out: 1
in: 0.55 0.384 0.824 0.562 0.957 0.515 0.104
out: 1
in: 0.158 0.179 0.091 0.442 0.807 0.515 0.917
out: 1
in: 0.723 0.445 0.128 0.679 0.671 0.866 0.798
out: 1
in: 0.277 0.607 0.479 0.698 0.676 0.277 0.564
out: 1
in: 0.206 0.048 0.506 0.975 0.58 0.949 0.123
out: 1
in: 0.139 0.089 0.591 0.71 0.812 0.907 0.457
out: 1
in: 0.468 0.67 0.278 0.651 0.12 0.136 0.883
out: 1
in: 0.654 0.881 0.937 0.844 0.004 0.838 0.663
out: 1
in: 0.55 0.424 0.556 0.555 0.843 0.103 0.6
out: 1
in: 0.929 0.768 0.019 0.383 0.057 0.088 0.914
out: 1
in: 0.661 0.83 0.385 0.146 0.807 0.172 0.089
out: 1
in: 0.475 0.035 0.249 0.514 0.665 0.995 0.695
out: 1
in: 0.892 0.777 0.476 0.802 0.597 0.318 0.403
out: 1
in: 0.241 0.426 0.27 0.934 0.118 0.705 0.068
out: 1
in: 0.085 0.815 0.994 0.145 0.65 0.362 0.753
out: 1
in: 0.802 0.443 0.036 0.232 0.633 0.937 0.52
out: 1
in: 0.065 0.627 0.013 0.01 0.684 0.1 0.919
out: 1
in: 0.917 0.372 0.892 0.502 0.379 0.228 0.896
out: 1
in: 0.378 0.133 0.547 0.499 0.279 0.701 0.055
out: 1
in: 0.968 0.43 0.857 0.434 0.085 0.949 0.494
out: 1
in: 0.191 0.017 0.508 0.783 0.198 0.557 0.511
out: 1
in: 0.892 0.92 0.847 0.306 0.927 0.603 0.891
out: 1
in: 0.588 0.005 0.471 0.49 0.556 0.891 0.9
out: 1
in: 0.391 0.404 0.568 0.27 0.728 0.022 0.192
out: 1
in: 0.29 0.957 0.109 0.767 0.712 0.826 0.863
out: 1
in: 0.896 0.326 0.975 0.643 0.557 0.222 0.656
out: 1
in: 0.377 0.645 0.994 0.351 0.602 0.729 0.547
out: 1
in: 0.282 0.323 0.316 0.491 0.102 0.66 0.469
out: 1
in: 0.158 0.277 0.078 0.443 0.718 0.789 0.216
out: 1
in: 0.939 0.281 0.125 0.063 0.834 0.415 0.542
out: 1
in: 0.929 0.7 0.57 0.775 0.261 0.193 0.014
out: 1
in: 0.367 0.752 0.118 0.579 0.421 0.275 0.669
out: 1
in: 0.295 0.386 0.772 0.195 0.059 0.765 0.669
out: 1
in: 0.149 0.57 0.612 0.549 0.286 0.674 0.443
out: 1
in: 0.407 0.778 0.205 0.231 0.858 0.095 0.584
out: 1
in: 0.687 0.477 0.507 0.361 0.378 0.473 0.086
out: 1
in: 0.156 0.528 0.85 0.233 0.349 0.448 0.603
out: 1
in: 0.638 0.882 0.243 0.282 0.897 0.733 0.521
out: 1
in: 0.257 0.481 0.838 0.159 0.931 0.297 0.141
out: 1
in: 0.999 0.319 0.102 0.958 0.381 0.315 0.193
out: 1
in: 0.325 0.277 0.57 0.152 0.653 0.071 0.941
out: 1
in: 0.63 0.23 0.448 0.475 0.248 0.607 0.227
out: 1
in: 0.767 0.147 0.205 0.772 0.227 0.519 0.955
out: 1
in: 0.018 0.97 0.754 0.174 0.413 0.921 0.808
out: 1
in: 0.986 0.7 0.665 0.29 0.667 0.859 0.862
out: 1
in: 0.188 0.372 0.331 0.892 0.479 0.22 0.12
out: 1
in: 0.5 0.397 0.994 0.177 0.422 0.175 0.485
out: 1
in: 0.3 0.946 0.554 0.553 0.371 0.893 0.33
out: 1
in: 0.853 0.683 0.904 0.155 0.123 0.354 0.437
out: 1
in: 0.033 0.69 0.854 0.708 0.219 0.7 0.267
out: 1
in: 0.842 0.158 0.288 0.063 0.769 0.121 0.425
out: 1
in: 0.023 0.346 0.109 0.4 0.876 0.883 0.011
out: 1
in: 0.84 0.771 0.164 0.134 0.764 0.79 0.903
out: 1
in: 0.041 0.02 0.48 0.473 0.525 0.335 0.346
out: 1
in: 0.301 0.67 0.742 0.525 0.332 0.009 0.099
out: 1
in: 0.715 0.288 0.621 0.237 0.772 0.373 0.01
out: 1
in: 0.572 0.702 0.943 0.744 0.38 0.677 0.455
out: 1
in: 0.642 0.893 0.646 0.029 0.449 0.905 0.839
out: 1
in: 0.758 0.706 0.042 0.14 0.526 0.211 0.959
out: 1
in: 0.505 0.872 0.251 0.133 0.196 0.081 0.71
out: 1
in: 0.767 0.708 0.198 0.63 0.818 0.055 0.622
out: 1
in: 0.461 0.847 0.749 0.037 0.608 0.649 0.78
out: 1
in: 0.271 0.43 0.62 0.664 0.97 0.664 0.387
out: 1
in: 0.383 0.65 0.534 0.35 0.531 0.577 0.697
out: 1
in: 0.325 0.921 0.83 0.114 0.85 0.781 0.186
out: 1
in: 0.676 0.127 0.846 0.323 0.631 0.114 0.209
out: 1
in: 0.694 0.391 0.724 0.695 0.303 0.658 0.615
out: 1
in: 0.989 0.006 0.611 0.741 0.069 0.063 0.831
out: 1
in: 0.259 0.72 0.246 0.771 0.789 0.912 0.71
out: 1
in: 0.315 0.813 0.931 0.838 0.746 0.011 0.812
out: 1
in: 0.088 0.957 0.35 0.024 0.801 0.186 0.707
out: 1
in: 0.415 0.842 0.232 0.776 0.388 0.317 0.227
out: 1
in: 0.277 0.36 0.706 0.511 0.29 0.042 0.052
out: 1
in: 0.599 0.562 0.836 0.488 0.173 0.412 0.669
out: 1
in: 0.874 0.312 0.787 0.65 0.193 0.361 0.56
out: 1
in: 0.389 0.652 0.91 0.217 0.519 0.585 0.059
out: 1
in: 0.864 0.111 0.409 0.842 0.653 0.436 0.605
out: 1
in: 0.158 0.413 0.278 0.721 0.986 0.988 0.924
out: 1
in: 0.642 0.025 0.452 0.054 0.41 0.282 0.528
out: 1
in: 0.575 0.75 0.19 0.779 0.176 0.418 0.254
out: 1
in: 0.951 0.267 0.294 0.513 0.966 0.855 0.762
out: 1
in: 0.747 0.963 0.568 0.245 0.837 0.914 0.87
out: 1
in: 0.727 0.857 0.664 0.624 0.776 0.048 0.26
out: 1
in: 0.078 0.354 0.732 0.801 0.317 0.782 0.368
out: 1
in: 0.027 0.06 0.038 0.168 0.173 0.377 0.145
out: 1
in: 0.439 0.466 0.42 0.214 0.432 0.468 0.766
out: 1
in: 0.243 0.929 0.807 0.535 0.972 0.051 0.024
out: 1
in: 0.481 0.097 0.559 0.718 0.269 0.169 0.221
out: 1
in: 0.934 0.54 0.605 0.103 0.076 0.92 0.762
out: 1
in: 0.159 0.083 0.728 0.821 0.873 0.401 0.449
out: 1
in: 0.934 0.094 0.531 0.956 0.105 0.99 0.371
out: 1
in: 0.919 0.597 0.312 0.111 0.851 0.524 0.748
out: 1
in: 0.227 0.371 0.135 0.217 0.902 0.417 0.19
out: 1
in: 0.813 0.464 0.567 0.676 0.676 0.975 0.233
out: 1
in: 0.828 0.103 0.215 0.976 0.353 0.893 0.462
out: 1
in: 0.82 0.705 0.863 0.908 0.716 0.429 0.118
out: 1
in: 0.182 0.2 0.798 0.31 0.787 0.082 0.855
out: 1
in: 0.94 0.294 0.953 0.155 0.958 0.026 0.575
out: 1
in: 0.581 0.224 0.356 0.649 0.024 0.93 0.837
out: 1
in: 0.883 0.25 0.522 0.294 0.57 0.556 0.426
out: 1
in: 0.267 0.276 0.623 0.264 0.349 0.573 0.504
out: 1
in: 0.448 0.807 0.291 0.721 0.265 0.376 0.541
out: 1
in: 0.845 0.133 0.526 0.019 0.669 0.295 0.368
out: 1
in: 0.225 0.011 0.063 0.985 0.618 0.072 0.476
out: 1
in: 0.974 0.22 0.194 0.427 0.089 0.405 0.295
out: 1
in: 0.575 0.125 0.641 0.663 0.441 0.599 0.91
out: 1
in: 0.994 0.268 0.077 0.51 0.587 0.683 0.07
out: 1
in: 0.727 0.364 0.244 0.215 0.548 0.953 0.866
out: 1
in: 0.986 0.72 0.47 0.39 0.275 0.024 0.28
out: 1
in: 0.851 0.05 0.706 0.437 0.495 0.373 0.981
out: 1
in: 0.34 0.567 0.019 0.503 0.081 0.742 0.011
out: 1
in: 0.673 0.882 0.112 0.218 0.917 0.759 0.581
out: 1
in: 0.67 0.046 0.493 0.053 0.833 0.839 0.701
out: 1
in: 0.596 0.519 0.919 0.83 0.12 0.265 0.747
out: 1
in: 0.286 0.506 0.936 0.434 0.005 0.533 0.644
out: 1
in: 0.519 0.533 0.643 0.133 0.042 0.272 0.256
out: 1
in: 0.579 0.96 0.155 0.987 0.508 0.455 0.271
out: 1
in: 0.236 0.365 0.513 0.932 0.572 0.11 0.971
out: 1
in: 0.081 0.515 0.775 0.449 0.593 0.812 0.089
out: 1
in: 0.555 0.664 0.127 0.163 0.82 0.915 0.616
out: 1
in: 0.205 0.035 0.891 0.808 0.216 0.223 0.126
out: 1
in: 0.249 0.654 0.286 0.626 0.513 0.02 0.051
out: 1
in: 0.447 0.907 0.067 0.155 0.289 0.927 0.145
out: 1
in: 0.451 0.052 0.438 0.012 0.707 0.568 0.915
out: 1
in: 0.986 0.883 0.677 0.044 0.792 0.993 0.163
out: 1
in: 0.47 0.664 0.733 0.551 0.573 0.212 0.206
out: 1
in: 0.958 0.135 0.041 0.046 0.046 0.713 0.692
out: 1
in: 0.657 0.615 0.266 0.206 0.463 0.008 0.421
out: 1
in: 0.345 0.862 0.677 0.654 0.746 0.657 0.014
out: 1
in: 0.205 0.38 0.749 0.671 0.356 0.791 0.84
out: 1
in: 0.319 0.558 0.123 0.88 0.349 0.802 0.139
out: 1
in: 0.297 0.36 0.538 0.174 0.293 0.881 0.235
out: 1
in: 0.808 0.243 0.541 0.055 0.62 0.375 0.837
out: 1
in: 0.691 0.653 0.434 0.484 0.444 0.132 0.161
out: 1
in: 0.582 0.131 0.364 0.184 0.06 0.861 0.884
out: 1
in: 0.376 0.11 0.614 0.97 0.537 0.707 0.272
out: 1
in: 0.165 0.141 0.181 0.854 0.63 0.156 0.842
out: 1
in: 0.323 0.638 0.796 0.971 0.79 0.099 0.66
out: 1
in: 0.861 0.852 0.29 0.68 0.27 0.512 0.294
out: 1
in: 0.724 0.935 0.986 0.412 0.885 0.574 0.615
out: 1
in: 0.218 0.365 0.242 0.329 0.568 0.151 0.668
out: 1
in: 0.984 0.906 0.339 0.926 0.35 0.92 0.699
out: 1
in: 0.351 0.356 0.963 0.984 0.214 0.013 0.078
out: 1
in: 0.993 0.774 0.693 0.716 0.17 0.309 0.069
out: 1
in: 0.604 0.833 0.977 0.224 0.825 0.805 0.421
out: 1
in: 0.758 0.594 0.774 0.748 0.254 0.341 0.779
out: 1
in: 0.144 0.814 0.47 0.142 0.959 0.748 0.495
out: 1
in: 0.28 0.307 0.003 0.531 0.266 0.697 0.603
out: 1
in: 0.222 0.49 0.452 0.593 0.051 0.985 0.239
out: 1
in: 0.382 0.628 0.576 0.654 0.114 0.184 0.434
out: 1
in: 0.099 0.932 0.594 0.174 0.377 0.711 0.406
out: 1
in: 0.731 0.311 0.833 0.208 0.831 0.735 0.15
out: 1
in: 0.195 0.348 0.639 0.999 0.611 0.54 0.94
out: 1
in: 0.762 0.85 0.218 0.729 0.358 0.293 0.057
out: 1
in: 0.87 0.051 0.209 0.31 0.714 0.425 0.793
out: 1
in: 0.86 0.925 0.734 0.997 0.78 0.949 0.116
out: 1
in: 0.039 0.514 0.841 0.489 0.31 0.12 0.639
out: 1
in: 0.253 0.476 0.212 0.272 0.594 0.212 0.437
out: 1
in: 0.049 0.3 0.793 0.657 0.334 0.415 0.579
out: 1
in: 0.407 0.971 0.541 0.095 0.269 0.28 0.428
out: 1
in: 0.49 0.648 0.918 0.913 0.2 0.413 0.803
out: 1
in: 0.509 0.416 0.203 0.431 0.841 0.276 0.521
out: 1
in: 0.617 0.262 0.749 0.021 0.336 0.176 0.658
out: 1
in: 0.708 0.97 0.527 0.815 0.991 0.647 0.109
out: 1
in: 0.455 0.604 0.335 0.728 0.119 0.866 0.922
out: 1
in: 0.588 0.983 0.164 0.945 0.731 0.765 0.452
out: 1
in: 0.036 0.859 0.29 0.826 0.476 0.338 0.204
out: 1
in: 0.134 0.067 0.319 0.914 0.679 0.236 0.95
out: 1
in: 0.771 0.168 0.498 0.573 0.178 0.182 0.465
out: 1
in: 0.952 0.623 0.783 0.731 0.657 0.406 0.882
out: 1
in: 0.372 0.474 0.982 0.182 0.152 0.072 0.206
out: 1
in: 0.282 0.185 0.746 0.217 0.127 0.084 0.331
out: 1
in: 0.541 0.891 0.15 0.313 0.864 0.791 0.581
out: 1
in: 0.711 0.855 0.136 0.459 0.29 0.477 0.05
out: 1
in: 0.254 0.645 0.923 0.669 0.863 0.914 0.493
out: 1
in: 0.72 0.011 0.552 0.827 0.943 0.294 0.695
out: 1
in: 0.48 0.52 0.286 0.696 0.11 0.422 0.884
out: 1
in: 0.935 0.661 0.543 0.0 0.934 0.8 0.963
out: 1
in: 0.528 0.478 0.861 0.044 0.277 0.429 0.686
out: 1
in: 0.992 0.17 0.186 0.942 0.279 0.761 0.949
out: 1
in: 0.442 0.292 0.999 0.404 0.649 0.938 0.77
out: 1
in: 0.632 0.046 0.636 0.055 0.056 0.489 0.221
out: 1
in: 0.924 0.287 0.308 0.93 0.383 0.742 0.578
out: 1
in: 0.929 0.864 0.768 0.06 0.104 0.256 0.873
out: 1
in: 0.371 0.671 0.927 0.76 0.858 0.051 0.247
out: 1
in: 0.896 0.613 0.711 0.798 0.309 0.137 0.02
out: 1
in: 0.483 0.344 0.786 0.836 0.057 0.681 0.358
out: 1
in: 0.688 0.772 0.94 0.722 0.128 0.459 0.228
out: 1
in: 0.04 0.39 0.105 0.102 0.114 0.587 0.947
out: 1
in: 0.712 0.663 0.162 0.051 0.197 0.056 0.711
out: 1
in: 0.389 0.688 0.25 0.072 0.664 0.496 0.607
out: 1
in: 0.844 0.757 0.554 0.023 0.544 0.628 0.721
out: 1
in: 0.858 0.936 0.406 0.217 0.287 0.908 0.19
out: 1
in: 0.191 0.456 0.826 0.483 0.475 0.196 0.375
out: 1
in: 0.771 0.488 0.289 0.833 0.912 0.973 0.94
out: 1
in: 0.649 0.73 0.911 0.802 0.146 0.203 0.969
out: 1
in: 0.251 0.293 0.781 0.167 0.414 0.818 0.492
out: 1
in: 0.889 0.038 0.531 0.585 0.594 0.858 0.967
out: 1
in: 0.351 0.005 0.888 0.592 0.557 0.372 0.851
out: 1
in: 0.816 0.267 0.296 0.626 0.417 0.856 0.742
out: 1
in: 0.943 0.096 0.228 0.841 0.483 0.619 0.624
out: 1
in: 0.093 0.662 0.432 0.335 0.505 0.514 0.555
out: 1
in: 0.805 0.148 0.63 0.79 0.177 0.071 0.18
out: 1
in: 0.126 0.162 0.914 0.379 0.074 0.356 0.455
out: 1
in: 0.685 0.455 0.966 0.932 0.733 0.556 0.864
out: 1
in: 0.559 0.63 0.752 0.732 0.065 0.612 0.008
out: 1
in: 0.3 0.317 0.724 0.715 0.28 0.147 0.246
out: 1
in: 0.075 0.671 0.194 0.237 0.565 0.835 0.774
out: 1
in: 0.785 0.771 0.383 0.084 0.182 0.478 0.173
out: 1
in: 0.965 0.022 0.991 0.028 0.391 0.968 0.465
out: 1
in: 0.058 0.218 0.625 0.028 0.433 0.195 0.203
out: 1
in: 0.298 0.4 0.417 0.934 0.708 0.056 0.52
out: 1
in: 0.564 0.472 0.733 0.834 0.407 0.2 0.538
out: 1
in: 0.66 0.154 0.068 0.815 0.336 0.664 0.845
out: 1
in: 0.889 0.795 0.927 0.392 0.983 0.833 0.779
out: 1
in: 0.836 0.521 0.822 0.691 0.457 0.031 0.136
out: 1
in: 0.349 0.551 0.304 0.882 0.023 0.065 0.873
out: 1
in: 0.925 0.969 0.351 0.101 0.417 0.64 0.376
out: 1
in: 0.318 0.975 0.083 0.747 0.112 0.347 0.133
out: 1
in: 0.356 0.762 0.704 0.101 0.964 0.429 0.894
out: 1
in: 0.976 0.657 0.613 0.708 0.424 0.117 0.625
out: 1
in: 0.914 0.721 0.817 0.798 0.239 0.272 0.216
out: 1
in: 0.645 0.147 0.91 0.925 0.399 0.866 0.897
out: 1
in: 0.711 0.689 0.774 0.462 0.955 0.316 0.447
out: 1
in: 0.571 0.942 0.479 0.492 0.257 0.655 0.317
out: 1
in: 0.326 0.333 0.481 0.655 0.184 0.914 0.358
out: 1
in: 0.043 0.542 0.275 0.607 0.583 0.654 0.393
out: 1
in: 0.951 0.062 0.416 0.41 0.039 0.272 0.959
out: 1
in: 0.146 0.634 0.393 0.048 0.2 0.415 0.896
out: 1
in: 0.05 0.084 0.06 0.139 0.901 0.595 0.571
out: 1
in: 0.263 0.913 0.707 0.116 0.586 0.161 0.73
out: 1
in: 0.991 0.597 0.957 0.969 0.487 0.469 0.612
out: 1
in: 0.449 0.248 0.88 0.319 0.969 0.087 0.252
out: 1
in: 0.714 0.812 0.278 0.674 0.613 0.537 0.142
out: 1
in: 0.605 0.603 0.92 0.802 0.232 0.023 0.053
out: 1
in: 0.148 0.053 0.23 0.592 0.347 0.92 0.191
out: 1
in: 0.692 0.808 0.932 0.97 0.129 0.488 0.809
out: 1
in: 0.464 0.805 0.72 0.709 0.172 0.275 0.349
out: 1
in: 0.548 0.535 0.768 0.795 0.284 0.566 0.773
out: 1
in: 0.141 0.661 0.012 0.579 0.163 0.732 0.39
out: 1
in: 0.493 0.682 0.933 0.149 0.539 0.876 0.442
out: 1
in: 0.037 0.393 0.444 0.233 0.479 0.291 0.258
out: 1
in: 0.428 0.275 0.78 0.899 0.237 0.082 0.329
out: 1
in: 0.432 0.799 0.905 0.001 0.437 0.15 0.014
out: 1
in: 0.282 0.948 0.686 0.617 0.872 0.978 0.947
out: 1
in: 0.307 0.861 0.925 0.691 0.545 0.544 0.584
out: 1
in: 0.661 0.894 0.809 0.07 0.609 0.432 0.772
out: 1
in: 0.366 0.953 0.523 0.261 0.332 0.758 0.716
out: 1
in: 0.31 0.565 0.251 0.74 0.988 0.162 0.401
out: 1
in: 0.907 0.393 0.184 0.416 0.952 0.607 0.003
out: 1
in: 0.563 0.01 0.307 0.027 0.312 0.287 0.301
out: 1
in: 0.248 0.442 0.227 0.889 0.48 0.39 0.922
out: 1
in: 0.742 0.671 0.023 0.001 0.185 0.489 0.581
out: 1
in: 0.773 0.903 0.775 0.702 0.37 0.107 0.202
out: 1
in: 0.08 0.7 0.16 0.418 0.464 0.668 0.546
out: 1
in: 0.866 0.473 0.904 0.903 0.697 0.047 0.428
out: 1
in: 0.011 0.568 0.046 0.763 0.354 0.295 0.888
out: 1
in: 0.357 0.429 0.975 0.254 0.512 0.232 0.669
out: 1
in: 0.364 0.515 0.745 0.999 0.076 0.788 0.325
out: 1
in: 0.997 0.688 0.265 0.194 0.589 0.297 0.736
out: 1
in: 0.387 0.122 0.144 0.595 0.372 0.717 0.614
out: 1
in: 0.463 0.601 0.09 0.869 0.367 0.509 0.426
out: 1
in: 0.972 0.935 0.715 0.395 0.553 0.253 0.923
out: 1
in: 0.666 0.258 0.605 0.765 0.359 0.599 0.695
out: 1
in: 0.576 0.714 0.884 0.617 0.624 0.587 0.056
out: 1
in: 0.274 0.434 0.585 0.175 0.361 0.219 0.654
out: 1
in: 0.839 0.889 0.001 0.139 0.183 0.851 0.993
out: 1
in: 0.709 0.013 0.32 0.262 0.587 0.627 0.238
out: 1
in: 0.683 0.15 0.752 0.86 0.789 0.757 0.122
out: 1
in: 0.415 0.592 0.935 0.071 0.627 0.741 0.922
out: 1
in: 0.804 0.712 0.918 0.537 0.07 0.332 0.079
out: 1
in: 0.55 0.746 0.477 0.353 0.099 0.989 0.562
out: 1
in: 0.597 0.965 0.958 0.748 0.24 0.664 0.326
out: 1
in: 0.663 0.514 0.104 0.963 0.211 0.645 0.92
out: 1
in: 0.855 0.822 0.513 0.158 0.963 0.968 0.876
out: 1
in: 0.053 0.846 0.572 0.299 0.553 0.475 0.816
out: 1
in: 0.231 0.932 0.793 0.612 0.952 0.987 0.644
out: 1
in: 0.432 0.293 0.95 0.495 0.919 0.116 0.011
out: 1
in: 0.842 0.599 0.04 0.111 0.957 0.783 0.931
out: 1
in: 0.276 0.415 0.51 0.042 0.737 0.335 0.255
out: 1
in: 0.998 0.175 0.211 0.342 0.198 0.334 0.253
out: 1
in: 0.898 0.006 0.032 0.945 0.411 0.882 0.237
out: 1
in: 0.673 0.901 0.93 0.2 0.113 0.891 0.86
out: 1
in: 0.413 0.199 0.418 0.836 0.012 0.705 0.24
out: 1
in: 0.015 0.958 0.949 0.541 0.539 0.683 0.504
out: 1
in: 0.857 0.518 0.285 0.234 0.966 0.052 0.813
out: 1
in: 0.101 0.445 0.004 0.873 0.073 0.258 0.23
out: 1
in: 0.464 0.501 0.887 0.288 0.149 0.696 0.353
out: 1
in: 0.679 0.486 0.661 0.452 0.246 0.148 0.365
out: 1
in: 0.316 0.147 0.588 0.555 0.234 0.164 0.731
out: 1
in: 0.255 0.014 0.003 0.758 0.024 0.974 0.801
out: 1
in: 0.097 0.285 0.608 0.107 0.919 0.921 0.251
out: 1
in: 0.294 0.178 0.698 0.113 0.59 0.666 0.122
out: 1
in: 0.962 0.665 0.354 0.54 0.516 0.34 0.662
out: 1
in: 0.53 0.764 0.431 0.213 0.103 0.197 0.299
out: 1
in: 0.372 0.847 0.907 0.298 0.999 0.172 0.9
out: 1
in: 0.287 0.91 0.171 0.846 0.451 0.009 0.235
out: 1
in: 0.505 0.0 0.764 0.693 0.325 0.357 0.818
out: 1
in: 0.002 0.221 0.603 0.85 0.864 0.096 0.804
out: 1
in: 0.622 0.269 0.552 0.877 0.581 0.177 0.135
out: 1
in: 0.115 0.034 0.652 0.867 0.006 0.369 0.931
out: 1
in: 0.266 0.422 0.639 0.369 0.036 0.843 0.617
out: 1
in: 0.209 0.907 0.083 0.195 0.001 0.173 0.878
out: 1
in: 0.94 0.936 0.999 0.58 0.65 0.515 0.972
out: 1
in: 0.546 0.146 0.078 0.053 0.448 0.722 0.577
out: 1
in: 0.874 0.355 0.674 0.712 0.957 0.75 0.568
out: 1
in: 0.146 0.627 0.645 0.74 0.981 0.377 0.897
out: 1
in: 0.355 0.992 0.787 0.215 0.629 0.828 0.591
out: 1
in: 0.669 0.316 0.113 0.524 0.548 0.002 0.702
out: 1
in: 0.543 0.584 0.943 0.749 0.664 0.307 0.256
out: 1
in: 0.177 0.033 0.717 0.883 0.067 0.779 0.857
out: 1
in: 0.496 0.932 0.762 0.967 0.949 0.834 0.073
out: 1
in: 0.524 0.163 0.5 0.57 0.534 0.42 0.224
out: 1
in: 0.228 0.791 0.509 0.118 0.736 0.791 0.692
out: 1
in: 0.685 0.089 0.903 0.033 0.828 0.997 0.862
out: 1
in: 0.675 0.275 0.701 0.761 0.917 0.387 0.212
out: 1
in: 0.001 0.012 0.908 0.484 0.335 0.319 0.02
out: 1
in: 0.282 0.527 0.153 0.731 0.047 0.544 0.788
out: 1
in: 0.893 0.638 0.159 0.407 0.461 0.076 0.389
out: 1
in: 0.277 0.222 0.331 0.41 0.46 0.488 0.748
out: 1
in: 0.017 0.383 0.054 0.509 0.494 0.036 0.684
out: 1
in: 0.293 0.013 0.06 0.496 0.028 0.382 0.033
out: 1
in: 0.775 0.111 0.487 0.324 0.511 0.366 0.188
out: 1
in: 0.187 0.615 0.446 0.223 0.209 0.856 0.377
out: 1
in: 0.882 0.714 0.376 0.498 0.388 0.895 0.59
out: 1
in: 0.824 0.555 0.503 0.418 0.711 0.579 0.894
out: 1
in: 0.685 0.816 0.842 0.775 0.941 0.61 0.977
out: 1
in: 0.185 0.123 0.742 0.942 0.596 0.983 0.73
out: 1
in: 0.741 0.561 0.258 0.438 0.825 0.217 0.903
out: 1
in: 0.231 0.251 0.125 0.653 0.278 0.761 0.148
out: 1
in: 0.067 0.212 0.033 0.396 0.77 0.015 0.044
out: 1
in: 0.828 0.262 0.207 0.581 0.105 0.673 0.807
out: 1
in: 0.979 0.168 0.834 0.212 0.002 0.062 0.905
out: 1
in: 0.136 0.993 0.694 0.421 0.182 0.742 0.433
out: 1
in: 0.804 0.704 0.087 0.535 0.743 0.62 0.264
out: 1
in: 0.895 0.614 0.878 0.699 0.891 0.292 0.861
out: 1
in: 0.769 0.034 0.789 0.559 0.33 0.902 0.715
out: 1
in: 0.789 0.978 0.646 0.345 0.865 0.714 0.193
out: 1
in: 0.973 0.62 0.264 0.857 0.57 0.132 0.305
out: 1
in: 0.149 0.123 0.52 0.578 0.374 0.407 0.98
out: 1
in: 0.941 0.699 0.352 0.335 0.884 0.264 0.417
out: 1
in: 0.207 0.541 0.322 0.048 0.512 0.004 0.804
out: 1
in: 0.613 0.865 0.903 0.47 0.174 0.116 0.486
out: 1
in: 0.856 0.394 0.227 0.92 0.179 0.068 0.388
out: 1
in: 0.95 0.862 0.783 0.314 0.511 0.103 0.42
out: 1
in: 0.799 0.231 0.6 0.14 0.287 0.64 0.408
out: 1
in: 0.971 0.307 0.311 0.204 0.56 0.547 0.551
out: 1
in: 0.205 0.045 0.753 0.081 0.178 0.876 0.449
out: 1
in: 0.33 0.57 0.103 0.217 0.998 0.987 0.35
out: 1
in: 0.538 0.905 0.712 0.461 0.587 0.171 0.027
out: 1
in: 0.999 0.17 0.195 0.272 0.751 0.907 0.418
out: 1
in: 0.558 0.411 0.192 0.82 0.163 0.552 0.444
out: 1
in: 0.057 0.472 0.603 0.184 0.263 0.059 0.769
out: 1
in: 0.012 0.45 0.363 0.193 0.78 0.45 0.955
out: 1
in: 0.407 0.566 0.738 0.208 0.743 0.588 0.699
out: 1
in: 0.963 0.313 0.513 0.05 0.616 0.42 0.168
out: 1
in: 0.732 0.145 0.879 0.786 0.62 0.791 0.845
out: 1
in: 0.546 0.686 0.272 0.178 0.926 0.791 0.771
out: 1
in: 0.362 0.786 0.782 0.495 0.85 0.299 0.534
out: 1
in: 0.756 0.962 0.187 0.329 0.557 0.234 0.982
out: 1
in: 0.63 0.14 0.558 0.53 0.015 0.964 0.624
out: 1
in: 0.753 0.781 0.896 0.797 0.563 0.141 0.549
out: 1
in: 0.884 0.738 0.205 0.731 0.769 0.16 0.864
out: 1
in: 0.115 0.07 0.709 0.27 0.657 0.475 0.497
out: 1
in: 0.107 0.372 0.412 0.144 0.18 0.245 0.257
out: 1
in: 0.843 0.861 0.678 0.463 0.354 0.864 0.722
out: 1
in: 0.619 0.662 0.227 0.806 0.976 0.303 0.138
out: 1
in: 0.211 0.134 0.46 0.526 0.521 0.45 0.584
out: 1
in: 0.326 0.902 0.463 0.483 0.734 0.787 0.573
out: 1
in: 0.266 0.691 0.497 0.051 0.343 0.904 0.095
out: 1
in: 0.654 0.325 0.534 0.736 0.288 0.373 0.426
out: 1
in: 0.847 0.036 0.224 0.423 0.632 0.324 0.63
out: 1
in: 0.943 0.231 0.245 0.313 0.561 0.379 0.55
out: 1
in: 0.047 0.806 0.912 0.282 0.012 0.531 0.074
out: 1
in: 0.491 0.813 0.342 0.606 0.907 0.027 0.553
out: 1
in: 0.5 0.681 0.125 0.399 0.893 0.036 0.883
out: 1
in: 0.178 0.624 0.546 0.991 0.881 0.812 0.751
out: 1
in: 0.888 0.024 0.75 0.652 0.33 0.182 0.957
out: 1
in: 0.412 0.694 0.591 0.337 0.504 0.41 0.707
out: 1
in: 0.991 0.432 0.383 0.118 0.947 0.171 0.031
out: 1
in: 0.604 0.382 0.297 0.221 0.296 0.473 0.966
out: 1
in: 0.631 0.316 0.032 0.125 0.124 0.274 0.977
out: 1
in: 0.329 0.065 0.19 0.974 0.725 0.02 0.653
out: 1
in: 0.956 0.08 0.113 0.336 0.834 0.094 0.116
out: 1
in: 0.105 0.62 0.038 0.987 0.513 0.084 0.67
out: 1
in: 0.983 0.867 0.816 0.453 0.418 0.707 0.98
out: 1
in: 0.6 0.865 0.403 0.725 0.686 0.633 0.307
out: 1
in: 0.02 0.536 0.336 0.455 0.647 0.081 0.77
out: 1
in: 0.394 0.048 0.885 0.27 0.103 0.154 0.019
out: 1
in: 0.169 0.958 0.526 0.695 0.42 0.602 0.503
out: 1
in: 0.088 0.801 0.649 0.784 0.017 0.207 0.418
out: 1
in: 0.81 0.517 0.703 0.583 0.161 0.866 0.697
out: 1
in: 0.833 0.401 0.363 0.041 0.109 0.213 0.877
out: 1
in: 0.285 0.527 0.422 0.131 0.339 0.62 0.582
out: 1
in: 0.767 0.87 0.876 0.277 0.863 0.839 0.478
out: 1
in: 0.482 0.636 0.685 0.423 0.051 0.828 0.049
out: 1
in: 0.291 0.795 0.981 0.334 0.083 0.699 0.63
out: 1
in: 0.06 0.545 0.806 0.223 0.999 0.817 0.913
out: 1
in: 0.245 0.637 0.84 0.002 0.428 0.355 0.548
out: 1
in: 0.62 0.191 0.19 0.456 0.24 0.351 0.992
out: 1
in: 0.094 0.636 0.4 0.79 0.812 0.896 0.541
out: 1
in: 0.707 0.924 0.967 0.199 0.358 0.06 0.831
out: 1
in: 0.537 0.86 0.707 0.964 0.843 0.623 0.067
out: 1
in: 0.68 0.784 0.865 0.875 0.772 0.128 0.067
out: 1
in: 0.305 0.771 0.79 0.046 0.255 0.398 0.919
out: 1
in: 0.476 0.213 0.106 0.804 0.234 0.926 0.594
out: 1
in: 0.296 0.772 0.785 0.784 0.575 0.853 0.957
out: 1
in: 0.486 0.485 0.192 0.39 0.77 0.976 0.314
out: 1
in: 0.533 0.972 0.299 0.791 0.488 0.092 0.953
out: 1
in: 0.516 0.147 0.731 0.231 0.244 0.418 0.192
out: 1
in: 0.452 0.058 0.209 0.618 0.525 0.608 0.093
out: 1
in: 0.097 0.272 0.046 0.809 0.854 0.298 0.878
out: 1
in: 0.975 0.93 0.342 0.385 0.569 0.231 0.204
out: 1
in: 0.765 0.576 0.099 0.313 0.034 0.377 0.223
out: 1
in: 0.139 0.962 0.38 0.322 0.528 0.605 0.027
out: 1
in: 0.952 0.829 0.101 0.536 0.663 0.3 0.879
out: 1
in: 0.16 0.983 0.536 0.517 0.864 0.981 0.317
out: 1
in: 0.456 0.831 0.595 0.52 0.896 0.701 0.451
out: 1
in: 0.012 0.99 0.859 0.563 0.163 0.978 0.388
out: 1
in: 0.061 0.046 0.95 0.444 0.705 0.669 0.599
out: 1
in: 0.422 0.649 0.922 0.328 0.165 0.979 0.091
out: 1
in: 0.44 0.364 0.285 0.598 0.28 0.739 0.377
out: 1
in: 0.798 0.641 0.712 0.658 0.766 0.521 0.05
out: 1
in: 0.356 0.672 0.883 0.609 0.95 0.762 0.475
out: 1
in: 0.989 0.664 0.873 0.444 0.536 0.79 0.569
out: 1
in: 0.538 0.434 0.637 0.518 0.768 0.919 0.009
out: 1
in: 0.202 0.477 0.408 0.625 0.969 0.218 0.59
out: 1
in: 0.458 0.116 0.791 0.84 0.508 0.248 0.702
out: 1
in: 0.924 0.677 0.177 0.238 0.792 0.193 0.71
out: 1
in: 0.486 0.901 0.66 0.838 0.82 0.261 0.921
out: 1
in: 0.331 0.483 0.213 0.425 0.306 0.378 0.794
out: 1
in: 0.122 0.275 0.108 0.008 0.851 0.342 0.038
out: 1
in: 0.033 0.21 0.22 0.679 0.622 0.472 0.659
out: 1
in: 0.248 0.783 0.129 0.06 0.785 0.504 0.922
out: 1
in: 0.596 0.583 0.399 0.932 0.053 0.013 0.911
out: 1
in: 0.707 0.039 0.815 0.435 0.522 0.012 0.361
out: 1
in: 0.67 0.664 0.893 0.969 0.82 0.769 0.942
out: 1
in: 0.534 0.813 0.917 0.755 0.985 0.01 0.436
out: 1
in: 0.903 0.234 0.395 0.55 0.09 0.642 0.766
out: 1
in: 0.53 0.515 0.882 0.425 0.883 0.826 0.858
out: 1
in: 0.884 0.401 0.006 0.11 0.376 0.71 0.532
out: 1
in: 0.104 0.952 0.033 0.751 0.754 0.858 0.706
out: 1
in: 0.849 0.08 0.039 0.018 0.96 0.614 0.069
out: 1
in: 0.247 0.651 0.146 0.832 0.329 0.586 0.94
out: 1
in: 0.946 0.535 0.313 0.906 0.609 0.318 0.629
out: 1
in: 0.135 0.924 0.1 0.297 0.863 0.4 0.822
out: 1
in: 0.454 0.728 0.641 0.725 0.39 0.745 0.011
out: 1
in: 0.549 0.09 0.872 0.665 0.355 0.283 0.862
out: 1
in: 0.787 0.556 0.634 0.439 0.46 0.481 0.02
out: 1
in: 0.49 0.358 0.985 0.322 0.145 0.853 0.056
out: 1
in: 0.796 0.54 0.687 0.366 0.557 0.586 0.319
out: 1
in: 0.145 0.354 0.884 0.814 0.706 0.348 0.199
out: 1
in: 0.49 0.383 0.219 0.599 0.101 0.244 0.93
out: 1
in: 0.312 0.45 0.771 0.612 0.065 0.589 0.396
out: 1
in: 0.401 0.656 0.958 0.165 0.138 0.46 0.947
out: 1
in: 0.091 0.13 0.253 0.989 0.177 0.415 0.024
out: 1
in: 0.178 0.911 0.558 0.079 0.837 0.919 0.306
out: 1
in: 0.695 0.488 0.555 0.49 0.791 0.415 0.84
out: 1
in: 0.249 0.495 0.858 0.697 0.764 0.134 0.364
out: 1
in: 0.558 0.617 0.058 0.42 0.629 0.184 0.055
out: 1
in: 0.928 0.197 0.964 0.177 0.325 0.183 0.738
out: 1
in: 0.128 0.99 0.739 0.208 0.979 0.006 0.832
out: 1
in: 0.237 0.715 0.038 0.637 0.717 0.839 0.928
out: 1
in: 0.657 0.113 0.215 0.627 0.635 0.686 0.863
out: 1
in: 0.945 0.612 0.102 0.181 0.465 0.492 0.863
out: 1
in: 0.772 0.89 0.862 0.711 0.707 0.129 0.025
out: 1
in: 0.314 0.435 0.127 0.049 0.041 0.891 0.379
out: 1
in: 0.531 0.838 0.544 0.5 0.944 0.197 0.146
out: 1
in: 0.71 0.967 0.873 0.929 0.586 0.309 0.09
out: 1
in: 0.441 0.595 0.771 0.474 0.452 0.466 0.214
out: 1
in: 0.444 0.349 0.682 0.322 0.113 0.876 0.436
out: 1
in: 0.98 0.693 0.784 0.174 0.149 0.86 0.062
out: 1
in: 0.684 0.338 0.729 0.151 0.415 0.063 0.944
out: 1
in: 0.236 0.671 0.379 0.098 0.755 0.235 0.837
out: 1
in: 0.21 0.228 0.015 0.258 0.955 0.814 0.125
out: 1
in: 0.933 0.537 0.261 0.616 0.108 0.759 0.251
out: 1
in: 0.371 0.391 0.104 0.209 0.113 0.681 0.022
out: 1
in: 0.061 0.652 0.973 0.454 0.657 0.501 0.391
out: 1
in: 0.185 0.341 0.471 0.089 0.582 0.777 0.674
out: 1
in: 0.964 0.249 0.014 0.501 0.556 0.77 0.252
out: 1
in: 0.096 0.851 0.199 0.106 0.589 0.471 0.216
out: 1
in: 0.078 0.651 0.594 0.211 0.297 0.275 0.616
out: 1
in: 0.255 0.207 0.983 0.949 0.583 0.745 0.516
out: 1
in: 0.836 0.835 0.25 0.114 0.887 0.021 0.571
out: 1
in: 0.477 0.754 0.697 0.531 0.432 0.011 0.441
out: 1
in: 0.95 0.23 0.847 0.408 0.273 0.32 0.381
out: 1
in: 0.917 0.018 0.448 0.25 0.134 0.137 0.702
out: 1
in: 0.511 0.62 0.041 0.146 0.164 0.715 0.164
out: 1
in: 0.098 0.909 0.087 0.08 0.172 0.815 0.659
out: 1
in: 0.649 0.2 0.491 0.273 0.35 0.175 0.945
out: 1
in: 0.127 0.391 0.085 0.378 0.204 0.749 0.796
out: 1
in: 0.221 0.783 0.48 0.419 0.886 0.728 0.873
out: 1
in: 0.499 0.713 0.909 0.068 0.185 0.475 0.539
out: 1
in: 0.569 0.586 0.122 0.62 0.587 0.402 0.767
out: 1
in: 0.163 0.277 0.832 0.544 0.356 0.363 0.959
out: 1
in: 0.787 0.394 0.239 0.152 0.034 0.504 0.997
out: 1
in: 0.51 0.085 0.88 0.055 0.197 0.8 0.179
out: 1
in: 0.782 0.944 0.375 0.747 0.339 0.318 0.311
out: 1
in: 0.109 0.89 0.558 0.626 0.193 0.082 0.084
out: 1
in: 0.601 0.995 0.2 0.459 0.864 0.198 0.346
out: 1
in: 0.597 0.549 0.773 0.276 0.939 0.191 0.865
out: 1
in: 0.58 0.076 0.69 0.561 0.742 0.327 0.387
out: 1
in: 0.186 0.156 0.726 0.564 0.284 0.459 0.998
out: 1
in: 0.22 0.334 0.777 0.414 0.113 0.943 0.22
out: 1
in: 0.477 0.923 0.486 0.674 0.489 0.103 0.991
out: 1
in: 0.004 0.858 0.886 0.054 0.077 0.06 0.593
out: 1
in: 0.81 0.001 0.512 0.636 0.966 0.717 0.244
out: 1
in: 0.333 0.248 0.529 0.795 0.162 0.411 0.617
out: 1
in: 0.264 0.179 0.015 0.669 0.471 0.712 0.024
out: 1
in: 0.972 0.046 0.176 0.351 0.494 0.059 0.93
out: 1
in: 0.534 0.115 0.837 0.831 0.583 0.588 0.019
out: 1
in: 0.767 0.645 0.467 0.532 0.983 0.815 0.063
out: 1
in: 0.291 0.786 0.89 0.627 0.704 0.194 0.453
out: 1
in: 0.415 0.233 0.981 0.273 0.693 0.278 0.518
out: 1
in: 0.892 0.447 0.312 0.611 0.155 0.009 0.943
out: 1
in: 0.217 0.919 0.599 0.022 0.317 0.67 0.423
out: 1
in: 0.674 0.407 0.569 0.474 0.586 0.34 0.203
out: 1
in: 0.749 0.263 0.863 0.912 0.361 0.117 0.027
out: 1
in: 0.887 0.044 0.925 0.497 0.449 0.998 0.76
out: 1
in: 0.443 0.765 0.68 0.219 0.081 0.251 0.786
out: 1
in: 0.421 0.589 0.684 0.532 0.565 0.381 0.347
out: 1
in: 0.922 0.154 0.97 0.679 0.344 0.629 0.976
out: 1
in: 0.305 0.203 0.92 0.726 0.757 0.333 0.402
out: 1
in: 0.318 0.413 0.973 0.353 0.557 0.98 0.769
out: 1
in: 0.779 0.061 0.603 0.969 0.98 0.5 0.729
out: 1
in: 0.381 0.074 0.413 0.957 0.716 0.676 0.418
out: 1
in: 0.462 0.965 0.273 0.43 0.755 0.929 0.808
out: 1
in: 0.271 0.229 0.735 0.605 0.313 0.561 0.419
out: 1
in: 0.406 0.182 0.731 0.809 0.917 0.608 0.562
out: 1
in: 0.287 0.399 0.658 0.637 0.618 0.303 0.747
out: 1
in: 0.013 0.258 0.251 0.061 0.594 0.169 0.216
out: 1
in: 0.992 0.851 0.251 0.602 0.942 0.401 0.778
out: 1
in: 0.505 0.691 0.599 0.085 0.249 0.261 0.464
out: 1
in: 0.498 0.134 0.452 0.164 0.846 0.079 0.618
out: 1
in: 0.807 0.316 0.92 0.149 0.308 0.767 0.323
out: 1
in: 0.435 0.509 0.331 0.392 0.414 0.468 0.138
out: 1
in: 0.532 0.213 0.247 0.976 0.542 0.351 0.699
out: 1
in: 0.383 0.963 0.906 0.96 0.842 0.951 0.071
out: 1
in: 0.336 0.186 0.041 0.066 0.972 0.346 0.815
out: 1
in: 0.305 0.26 0.945 0.519 0.847 0.748 0.546
out: 1
in: 0.136 0.717 0.31 0.814 0.767 0.719 0.287
out: 1
in: 0.25 0.426 0.927 0.13 0.01 0.804 0.251
out: 1
in: 0.524 0.067 0.172 0.315 0.434 0.575 0.876
out: 1
in: 0.065 0.84 0.33 0.6 0.246 0.473 0.388
out: 1
in: 0.984 0.966 0.74 0.12 0.885 0.958 0.47
out: 1
in: 0.42 0.624 0.002 0.28 0.813 0.777 0.057
out: 1
in: 0.762 0.806 0.407 0.47 0.338 0.062 0.696
out: 1
in: 0.145 0.265 0.761 0.604 0.33 0.334 0.011
out: 1
in: 0.605 0.94 0.525 0.726 0.033 0.236 0.932
out: 1
in: 0.056 0.273 0.752 0.866 0.36 0.509 0.004
out: 1
in: 0.473 0.567 0.999 0.288 0.427 0.936 0.32
out: 1
in: 0.65 0.462 0.303 0.916 0.426 0.938 0.196
out: 1
in: 0.098 0.041 0.689 0.27 0.084 0.191 0.773
out: 1
in: 0.505 0.471 0.561 0.091 0.132 0.396 0.417
out: 1
in: 0.919 0.268 0.82 0.938 0.51 0.925 0.358
out: 1
in: 0.074 0.239 0.112 0.114 0.565 0.347 0.198
out: 1
in: 0.191 0.372 0.215 0.324 0.276 0.135 0.759
out: 1
in: 0.496 0.66 0.243 0.666 0.702 0.559 0.296
out: 1
in: 0.019 0.562 0.813 0.974 0.048 0.226 0.39
out: 1
in: 0.415 0.816 0.507 0.638 0.91 0.344 0.771
out: 1
in: 0.603 0.829 0.847 0.183 0.214 0.064 0.006
out: 1
in: 0.007 0.786 0.056 0.105 0.529 0.242 0.872
out: 1
in: 0.749 0.204 0.554 0.061 0.242 0.506 0.488
out: 1
in: 0.264 0.915 0.659 0.528 0.603 0.487 0.381
out: 1
in: 0.986 0.53 0.498 0.87 0.18 0.176 0.78
out: 1
in: 0.407 0.443 0.981 0.032 0.203 0.465 0.021
out: 1
in: 0.767 0.082 0.068 0.633 0.784 0.794 0.31
out: 1
in: 0.956 0.986 0.854 0.5 0.704 0.423 0.224
out: 1
in: 0.102 0.814 0.134 0.629 0.625 0.673 0.453
out: 1
in: 0.909 0.75 0.822 0.966 0.917 0.914 0.677
out: 1
in: 0.18 0.796 0.147 0.277 0.585 0.55 0.967
out: 1
in: 0.254 0.006 0.637 0.765 0.566 0.574 0.43
out: 1
in: 0.787 0.617 0.585 0.14 0.049 0.147 0.54
out: 1
in: 0.981 0.462 0.02 0.233 0.177 0.537 0.458
out: 1
in: 0.475 0.061 0.084 0.114 0.551 0.689 0.282
out: 1
in: 0.253 0.137 0.386 0.052 0.873 0.299 0.793
out: 1
in: 0.169 0.134 0.029 0.973 0.337 0.259 0.919
out: 1
in: 0.751 0.466 0.972 0.834 0.75 0.985 0.679
out: 1
in: 0.434 0.299 0.973 0.678 0.697 0.727 0.143
out: 1
in: 0.163 0.516 0.95 0.099 0.171 0.532 0.355
out: 1
in: 0.914 0.424 0.28 0.883 0.579 0.323 0.859
out: 1
in: 0.548 0.133 0.733 0.591 0.594 0.769 0.073
out: 1
in: 0.711 0.208 0.309 0.804 0.805 0.266 0.441
out: 1
in: 0.228 0.472 0.555 0.179 0.075 0.049 0.38
out: 1
in: 0.559 0.723 0.947 0.725 0.538 0.711 0.021
out: 1
in: 0.517 0.405 0.563 0.568 0.341 0.59 0.854
out: 1
in: 0.175 0.579 0.969 0.286 0.019 0.146 0.986
out: 1
in: 0.4 0.46 0.496 0.562 0.974 0.908 0.071
out: 1
in: 0.681 0.341 0.625 0.666 0.122 0.001 0.849
out: 1
in: 0.066 0.05 0.002 0.878 0.831 0.9 0.899
out: 1
in: 0.176 0.47 0.268 0.597 0.632 0.258 0.744
out: 1
in: 0.465 0.891 0.637 0.213 0.459 0.652 0.329
out: 1
in: 0.574 0.547 0.839 0.806 0.928 0.281 0.305
out: 1
in: 0.067 0.874 0.755 0.069 0.639 0.207 0.67
out: 1
in: 0.291 0.303 0.821 0.487 0.72 0.465 0.736
out: 1
in: 0.923 0.064 0.764 0.186 0.43 0.988 0.131
out: 1
in: 0.695 0.364 0.45 0.03 0.448 0.5 0.555
out: 1
in: 0.948 0.306 0.589 0.329 0.882 0.942 0.374
out: 1
in: 0.621 0.029 0.012 0.708 0.707 0.672 0.45
out: 1
in: 0.847 0.541 0.249 0.355 0.552 0.298 0.464
out: 1
in: 0.144 0.272 0.716 0.694 0.247 0.222 0.386
out: 1
in: 0.588 0.368 0.465 0.508 0.208 0.48 0.264
out: 1
in: 0.823 0.389 0.581 0.076 0.675 0.528 0.519
out: 1
in: 0.24 0.592 0.629 0.802 0.192 0.274 0.757
out: 1
in: 0.277 0.043 0.17 0.405 0.88 0.765 0.658
out: 1
in: 0.579 0.833 0.359 0.184 0.953 0.652 0.084
out: 1
in: 0.024 0.274 0.919 0.911 0.858 0.637 0.382
out: 1
in: 0.848 0.386 0.703 0.001 0.946 0.457 0.844
out: 1
in: 0.64 0.029 0.206 0.466 0.857 0.956 0.84
out: 1
in: 0.517 0.185 0.586 0.584 0.432 0.723 0.173
out: 1
in: 0.326 0.649 0.228 0.996 0.847 0.367 0.123
out: 1
in: 0.642 0.48 0.088 0.049 0.25 0.684 0.023
out: 1
in: 0.331 0.308 0.593 0.832 0.79 0.715 0.593
out: 1
in: 0.428 0.532 0.794 0.243 0.079 0.412 0.255
out: 1
in: 0.829 0.821 0.009 0.089 0.917 0.053 0.884
out: 1
in: 0.102 0.576 0.761 0.767 0.28 0.301 0.266
out: 1
in: 0.057 0.796 0.474 0.435 0.339 0.846 0.606
out: 1
in: 0.749 0.644 0.986 0.33 0.916 0.691 0.55
out: 1
in: 0.035 0.745 0.164 0.6 0.842 0.726 0.187
out: 1
in: 0.82 0.735 0.352 0.983 0.852 0.755 0.342
out: 1
in: 0.363 0.597 0.63 0.356 0.042 0.932 0.249
out: 1
in: 0.257 0.506 0.15 0.32 0.685 0.346 0.782
out: 1
in: 0.867 0.757 0.726 0.531 0.078 0.658 0.488
out: 1
in: 0.064 0.782 0.727 0.472 0.278 0.959 0.177
out: 1
in: 0.055 0.762 0.309 0.837 0.001 0.483 0.997
out: 1
in: 0.652 0.247 0.257 0.226 0.568 0.089 0.293
out: 1
in: 0.042 0.36 0.296 0.981 0.821 0.968 0.486
out: 1
in: 0.386 0.47 0.705 0.87 0.212 0.022 0.083
out: 1
in: 0.832 0.928 0.504 0.699 0.088 0.245 0.657
out: 1
in: 0.64 0.909 0.003 0.832 0.642 0.992 0.728
out: 1
in: 0.159 0.932 0.042 0.603 0.963 0.639 0.231
out: 1
in: 0.054 0.181 0.207 0.756 0.351 0.691 0.191
out: 1
in: 0.75 0.692 0.867 0.43 0.797 0.462 0.303
out: 1
in: 0.081 0.415 0.487 0.644 0.94 0.603 0.38
out: 1
in: 0.091 0.074 0.088 0.817 0.693 0.326 0.407
out: 1
in: 0.964 0.613 0.66 0.828 0.292 0.786 0.782
out: 1
in: 0.018 0.381 0.256 0.165 0.646 0.342 0.859
out: 1
in: 0.98 0.288 0.651 0.17 0.384 0.445 0.891
out: 1
in: 0.479 0.874 0.054 0.459 0.117 0.543 0.121
out: 1
in: 0.774 0.738 0.003 0.972 0.749 0.853 0.187
out: 1
in: 0.34 0.302 0.205 0.899 0.344 0.534 0.043
out: 1
in: 0.576 0.429 0.151 0.368 0.371 0.34 0.791
out: 1
in: 0.757 0.082 0.875 0.772 0.702 0.851 0.327
out: 1
in: 0.487 0.982 0.165 0.03 0.336 0.322 0.315
out: 1
in: 0.971 0.683 0.611 0.15 0.523 0.621 0.999
out: 1
in: 0.843 0.51 0.315 0.911 0.059 0.902 0.946
out: 1
in: 0.199 0.244 0.991 0.54 0.327 0.123 0.781
out: 1
in: 0.558 0.556 0.566 0.626 0.808 0.171 0.492
out: 1
in: 0.888 0.703 0.792 0.59 0.4 0.108 0.774
out: 1
in: 0.051 0.795 0.853 0.744 0.333 0.656 0.402
out: 1
in: 0.025 0.058 0.472 0.778 0.881 0.635 0.424
out: 1
in: 0.528 0.232 0.987 0.128 0.871 0.168 0.578
out: 1
in: 0.585 0.77 0.073 0.629 0.688 0.906 0.479
out: 1
in: 0.471 0.041 0.217 0.455 0.201 0.796 0.23
out: 1
in: 0.169 0.411 0.724 0.66 0.235 0.858 0.67
out: 1
in: 0.297 0.026 0.931 0.373 0.866 0.232 0.501
out: 1
in: 0.333 0.683 0.358 0.928 0.006 0.198 0.003
out: 1
in: 0.836 0.003 0.865 0.219 0.121 0.315 0.076
out: 1
in: 0.385 0.777 0.958 0.395 0.368 0.907 0.33
out: 1
in: 0.498 0.695 0.467 0.542 0.621 0.687 0.514
out: 1
in: 0.985 0.45 0.093 0.175 0.118 0.177 0.976
out: 1
in: 0.152 0.835 0.663 0.777 0.173 0.883 0.529
out: 1
in: 0.296 0.398 0.644 0.201 0.308 0.779 0.737
out: 1
in: 0.351 0.37 0.288 0.491 0.221 0.633 0.482
out: 1
in: 0.644 0.824 0.528 0.927 0.318 0.539 0.316
out: 1
in: 0.634 0.099 0.42 0.528 0.588 0.777 0.836
out: 1
in: 0.732 0.59 0.454 0.627 0.826 0.133 0.355
out: 1
in: 0.22 0.971 0.453 0.184 0.67 0.842 0.328
out: 1
in: 0.407 0.571 0.646 0.083 0.039 0.779 0.58
out: 1
in: 0.929 0.299 0.206 0.928 0.791 0.475 0.116
out: 1
in: 0.004 0.146 0.57 0.834 0.464 0.636 0.684
out: 1
in: 0.36 0.273 0.557 0.964 0.115 0.987 0.47
out: 1
in: 0.55 0.263 0.129 0.378 0.872 0.945 0.235
out: 1
in: 0.53 0.936 0.423 0.551 0.987 0.855 0.407
out: 1
in: 0.602 0.455 0.477 0.717 0.282 0.98 0.442
out: 1
in: 0.68 0.26 0.862 0.001 0.833 0.672 0.492
out: 1
in: 0.982 0.057 0.479 0.549 0.686 0.507 0.052
out: 1
in: 0.516 0.465 0.382 0.971 0.539 0.677 0.703
out: 1
in: 0.577 0.455 0.674 0.065 0.393 0.567 0.414
out: 1
in: 0.961 0.649 0.144 0.927 0.186 0.991 0.133
out: 1
in: 0.212 0.16 0.437 0.106 0.814 0.849 0.132
out: 1
in: 0.543 0.708 0.579 0.566 0.93 0.381 0.427
out: 1
in: 0.303 0.695 0.745 0.269 0.222 0.942 0.014
out: 1
in: 0.634 0.434 0.254 0.931 0.369 0.324 0.68
out: 1
in: 0.529 0.47 0.846 0.838 0.762 0.359 0.514
out: 1
in: 0.234 0.415 0.989 0.569 0.476 0.425 0.772
out: 1
in: 0.241 0.451 0.66 0.309 0.219 0.965 0.593
out: 1
in: 0.844 0.811 0.338 0.161 0.14 0.163 0.606
out: 1
in: 0.148 0.39 0.101 0.82 0.36 0.998 0.188
out: 1
in: 0.281 0.737 0.636 0.205 0.568 0.891 0.838
out: 1
in: 0.601 0.383 0.717 0.328 0.969 0.792 0.213
out: 1
in: 0.814 0.993 0.724 0.468 0.212 0.311 0.594
out: 1
in: 0.217 0.041 0.882 0.345 0.922 0.319 0.904
out: 1
in: 0.381 0.998 0.07 0.555 0.93 0.136 0.807
out: 1
in: 0.225 0.338 0.017 0.567 0.787 0.351 0.332
out: 1
in: 0.799 0.169 0.817 0.115 0.291 0.598 0.917
out: 1
in: 0.822 0.903 0.047 0.658 0.763 0.811 0.741
out: 1
in: 0.942 0.878 0.182 0.924 0.983 0.016 0.068
out: 1
in: 0.189 0.032 0.492 0.939 0.173 0.267 0.181
out: 1
in: 0.905 0.963 0.558 0.203 0.967 0.168 0.152
out: 1
in: 0.442 0.877 0.781 0.882 0.998 0.541 0.378
out: 1
in: 0.006 0.109 0.38 0.643 0.938 0.3 0.594
out: 1
in: 0.685 0.025 0.983 0.579 0.397 0.089 0.295
out: 1
in: 0.573 0.335 0.858 0.564 0.204 0.439 0.906
out: 1
in: 0.901 0.658 0.345 0.339 0.318 0.013 0.087
out: 1
in: 0.267 0.054 0.528 0.878 0.471 0.014 0.32
out: 1
in: 0.325 0.407 0.189 0.356 0.075 0.09 0.513
out: 1
in: 0.903 0.834 0.265 0.222 0.801 0.222 0.141
out: 1
in: 0.024 0.896 0.582 0.243 0.995 0.127 0.227
out: 1
in: 0.42 0.866 0.145 0.984 0.99 0.727 0.308
out: 1
in: 0.517 0.885 0.294 0.582 0.86 0.93 0.978
out: 1
in: 0.056 0.788 0.527 0.215 0.306 0.069 0.738
out: 1
in: 0.642 0.929 0.157 0.145 0.503 0.15 0.183
out: 1
in: 0.149 0.032 0.659 0.083 0.804 0.011 0.548
out: 1
in: 0.719 0.323 0.133 0.21 0.138 0.653 0.562
out: 1
in: 0.883 0.86 0.862 0.943 0.587 0.248 0.658
out: 1
in: 0.048 0.015 0.293 0.396 0.013 0.228 0.664
out: 1
in: 0.709 0.222 0.419 0.504 0.268 0.862 0.161
out: 1
in: 0.168 0.964 0.202 0.92 0.784 0.371 0.066
out: 1
in: 0.029 0.666 0.039 0.815 0.065 0.55 0.684
out: 1
in: 0.706 0.665 0.974 0.446 0.434 0.163 0.841
out: 1
in: 0.831 0.684 0.774 0.399 0.056 0.141 0.841
out: 1
in: 0.436 0.576 0.814 0.729 0.037 0.987 0.155
out: 1
in: 0.697 0.33 0.516 0.373 0.019 0.737 0.782
out: 1
in: 0.082 0.424 0.218 0.041 0.756 0.917 0.423
out: 1
in: 0.57 0.768 0.077 0.045 0.108 0.781 0.344
out: 1
in: 0.3 0.497 0.99 0.46 0.34 0.9 0.239
out: 1
in: 0.002 0.196 0.75 0.482 0.951 0.954 0.588
out: 1
in: 0.518 0.806 0.026 0.092 0.737 0.368 0.803
out: 1
in: 0.148 0.548 0.266 0.092 0.319 0.548 0.276
out: 1
in: 0.549 0.138 0.506 0.172 0.68 0.501 0.7
out: 1
in: 0.435 0.25 0.066 0.213 0.964 0.086 0.139
out: 1
in: 0.986 0.398 0.361 0.205 0.763 0.091 0.57
out: 1
in: 0.282 0.378 0.323 0.395 0.211 0.172 0.706
out: 1
in: 0.092 0.124 0.781 0.88 0.808 0.095 0.162
out: 1
in: 0.016 0.571 0.545 0.024 0.396 0.538 0.779
out: 1
in: 0.599 0.743 0.437 0.602 0.651 0.713 0.312
out: 1
in: 0.43 0.086 0.994 0.552 0.218 0.463 0.448
out: 1
in: 0.281 0.826 0.172 0.202 0.613 0.442 0.306
out: 1
in: 0.727 0.78 0.77 0.869 0.889 0.517 0.182
out: 1
in: 0.941 0.281 0.731 0.444 0.507 0.714 0.535
out: 1
in: 0.298 0.539 0.15 0.779 0.654 0.093 0.924
out: 1
in: 0.108 0.154 0.585 0.298 0.157 0.797 0.712
out: 1
in: 0.784 0.647 0.786 0.209 0.928 0.298 0.118
out: 1
in: 0.135 0.354 0.383 0.875 0.716 0.83 0.707
out: 1
in: 0.79 0.504 0.985 0.102 0.125 0.3 0.193
out: 1
in: 0.294 0.583 0.899 0.657 0.951 0.334 0.207
out: 1
in: 0.907 0.517 0.553 0.012 0.01 0.403 0.069
out: 1
in: 0.395 0.347 0.393 0.912 0.769 0.776 0.528
out: 1
in: 0.509 0.25 0.241 0.937 0.62 0.392 0.058
out: 1
in: 0.741 0.152 0.969 0.401 0.423 0.047 0.423
out: 1
in: 0.246 0.49 0.973 0.451 0.68 0.928 0.616
out: 1
in: 0.03 0.421 0.276 0.852 0.38 0.576 0.82
out: 1
in: 0.262 0.798 0.995 0.045 0.484 0.866 0.751
out: 1
in: 0.859 0.956 0.458 0.326 0.854 0.549 0.853
out: 1
in: 0.056 0.101 0.487 0.613 0.265 0.86 0.914
out: 1
in: 0.224 0.585 0.977 0.059 0.724 0.516 0.053
out: 1
in: 0.044 0.335 0.262 0.491 0.792 0.891 0.932
out: 1
in: 0.386 0.051 0.898 0.493 0.016 0.829 0.082
out: 1
in: 0.903 0.277 0.133 0.423 0.556 0.964 0.244
out: 1
in: 0.628 0.627 0.745 0.451 0.764 0.887 0.426
out: 1
in: 0.457 0.375 0.193 0.882 0.27 0.377 0.447
out: 1
in: 0.362 0.981 0.988 0.273 0.28 0.664 0.731
out: 1
in: 0.729 0.793 0.667 0.47 0.478 0.738 0.497
out: 1
in: 0.042 0.471 0.609 0.887 0.711 0.232 0.016
out: 1
in: 0.828 0.786 0.398 0.475 0.776 0.058 0.841
out: 1
in: 0.646 0.194 0.51 0.255 0.507 0.83 0.165
out: 1
in: 0.74 0.659 0.768 0.991 0.062 0.036 0.251
out: 1
in: 0.888 0.838 0.198 0.813 0.047 0.178 0.685
out: 1
in: 0.032 0.337 0.204 0.724 0.616 0.71 0.719
out: 1
in: 0.001 0.882 0.849 0.214 0.719 0.099 0.438
out: 1
in: 0.782 0.851 0.302 0.457 0.388 0.747 0.692
out: 1
in: 0.029 0.357 0.236 0.25 0.532 0.062 0.003
out: 1
in: 0.014 0.457 0.199 0.897 0.78 0.233 0.476
out: 1
in: 0.449 0.759 0.244 0.416 0.519 0.199 0.359
out: 1
in: 0.943 0.837 0.191 0.462 0.543 0.225 0.832
out: 1
in: 0.085 0.173 0.979 0.788 0.919 0.193 0.281
out: 1
in: 0.265 0.345 0.176 0.515 0.03 0.375 0.986
out: 1
in: 0.289 0.398 0.037 0.494 0.152 0.771 0.044
out: 1
in: 0.483 0.536 0.168 0.021 0.43 0.474 0.353
out: 1
in: 0.455 0.423 0.685 0.418 0.107 0.308 0.703
out: 1
in: 0.245 0.99 0.855 0.31 0.279 0.21 0.457
out: 1
in: 0.64 0.737 0.964 0.939 0.988 0.418 0.447
out: 1
in: 0.645 0.752 0.151 0.712 0.89 0.985 0.861
out: 1
in: 0.208 0.322 0.991 0.498 0.93 0.121 0.016
out: 1
in: 0.26 0.687 0.421 0.577 0.873 0.896 0.451
out: 1
in: 0.538 0.301 0.245 0.79 0.866 0.845 0.595
out: 1
in: 0.191 0.582 0.258 0.191 0.11 0.721 0.724
out: 1
in: 0.834 0.089 0.016 0.181 0.995 0.269 0.291
out: 1
in: 0.297 0.243 0.166 0.85 0.805 0.531 0.814
out: 1
in: 0.022 0.824 0.615 0.301 0.569 0.116 0.003
out: 1
in: 0.139 0.707 0.029 0.003 0.459 0.141 0.413
out: 1
in: 0.924 0.8 0.05 0.969 0.271 0.8 0.968
out: 1
in: 0.685 0.71 0.344 0.456 0.762 0.358 0.174
out: 1
in: 0.491 0.462 0.812 0.59 0.953 0.534 0.316
out: 1
in: 0.857 0.036 0.509 0.413 0.98 0.123 0.546
out: 1
in: 0.978 0.812 0.743 0.87 0.621 0.824 0.486
out: 1
in: 0.292 0.376 0.833 0.957 0.261 0.836 0.375
out: 1
in: 0.809 0.225 0.999 0.383 0.308 0.213 0.507
out: 1
in: 0.124 0.211 0.851 0.434 0.534 0.408 0.035
out: 1
in: 0.144 0.087 0.24 0.944 0.253 0.474 0.93
out: 1
in: 0.519 0.084 0.279 0.662 0.425 0.347 0.909
out: 1
in: 0.006 0.431 0.08 0.754 0.699 0.933 0.372
out: 1
in: 0.334 0.638 0.974 0.396 0.441 0.241 0.735
out: 1
in: 0.329 0.443 0.071 0.72 0.333 0.071 0.638
out: 1
in: 0.316 0.353 0.601 0.045 0.713 0.858 0.296
out: 1
in: 0.266 0.423 0.355 0.346 0.756 0.97 0.572
out: 1
in: 0.735 0.505 0.38 0.683 0.106 0.261 0.722
out: 1
in: 0.319 0.425 0.761 0.747 0.15 0.46 0.346
out: 1
in: 0.393 0.248 0.673 0.095 0.942 0.031 0.752
out: 1
in: 0.181 0.01 0.709 0.927 0.937 0.056 0.525
out: 1
in: 0.235 0.483 0.355 0.388 0.389 0.3 0.895
out: 1
in: 0.553 0.788 0.902 0.05 0.84 0.289 0.917
out: 1
in: 0.746 0.692 0.456 0.175 0.065 0.015 0.359
out: 1
in: 0.218 0.416 0.073 0.156 0.345 0.27 0.764
out: 1
in: 0.003 0.636 0.597 0.975 0.71 0.816 0.07
out: 1
in: 0.089 0.108 0.335 0.553 0.463 0.704 0.174
out: 1
in: 0.052 0.654 0.052 0.826 0.625 0.449 0.605
out: 1
in: 0.215 0.158 0.972 0.73 0.148 0.274 0.681
out: 1
in: 0.592 0.95 0.579 0.23 0.17 0.395 0.716
out: 1
in: 0.995 0.461 0.922 0.638 0.236 0.843 0.442
out: 1
in: 0.132 0.263 0.676 0.727 0.236 0.535 0.469
out: 1
in: 0.63 0.739 0.148 0.302 0.327 0.079 0.676
out: 1
in: 0.882 0.095 0.932 0.771 0.443 0.311 0.658
out: 1
in: 0.249 0.502 0.729 0.68 0.954 0.209 0.498
out: 1
in: 0.841 0.502 0.987 0.319 0.238 0.775 0.326
out: 1
in: 0.219 0.326 0.374 0.683 0.16 0.886 0.853
out: 1
in: 0.401 0.115 0.75 0.593 0.491 0.591 0.602
out: 1
in: 0.174 0.761 0.448 0.246 0.541 0.955 0.744
out: 1
in: 0.825 0.994 0.967 0.641 0.597 0.742 0.479
out: 1
in: 0.365 0.408 0.647 0.714 0.332 0.398 0.145
out: 1
in: 0.012 0.229 0.694 0.88 0.926 0.563 0.532
out: 1
in: 0.993 0.383 0.374 0.352 0.361 0.406 0.08
out: 1
in: 0.124 0.888 0.383 0.341 0.451 0.457 0.486
out: 1
in: 0.884 0.903 0.258 0.955 0.171 0.283 0.566
out: 1
in: 0.006 0.986 0.288 0.067 0.171 0.378 0.206
out: 1
in: 0.443 0.646 0.257 0.679 0.343 0.525 0.004
out: 1
in: 0.151 0.876 0.562 0.415 0.264 0.174 0.387
out: 1
in: 0.079 0.663 0.955 0.973 0.052 0.824 0.772
out: 1
in: 0.774 0.79 0.686 0.612 0.905 0.922 0.855
out: 1
in: 0.01 0.282 0.234 0.722 0.595 0.749 0.268
out: 1
in: 0.323 0.953 0.228 0.356 0.137 0.647 0.495
out: 1
in: 0.594 0.192 0.89 0.371 0.555 0.473 0.432
out: 1
in: 0.057 0.483 0.135 0.865 0.518 0.652 0.833
out: 1
in: 0.292 0.322 0.429 0.417 0.864 0.995 0.403
out: 1
in: 0.178 0.929 0.782 0.72 0.411 0.067 0.985
out: 1
in: 0.932 0.761 0.919 0.999 0.96 0.92 0.209
out: 1
in: 0.802 0.707 0.24 0.225 0.212 0.46 0.356
out: 1
in: 0.023 0.515 0.273 0.863 0.425 0.054 0.467
out: 1
in: 0.454 0.58 0.855 0.09 0.574 0.672 0.433
out: 1
in: 0.291 0.995 0.901 0.787 0.785 0.205 0.879
out: 1
in: 0.591 0.248 0.776 0.079 0.311 0.541 0.461
out: 1
in: 0.937 0.664 0.512 0.6 0.121 0.038 0.21
out: 1
in: 0.871 0.034 0.223 0.146 0.054 0.473 0.158
out: 1
in: 0.293 0.101 0.407 0.661 0.524 0.816 0.378
out: 1
in: 0.594 0.03 0.501 0.316 0.99 0.271 0.819
out: 1
in: 0.175 0.241 0.969 0.541 0.131 0.227 0.499
out: 1
in: 0.098 0.333 0.676 0.289 0.575 0.191 0.086
out: 1
in: 0.811 0.789 0.85 0.676 0.141 0.861 0.705
out: 1
in: 0.054 0.462 0.322 0.82 0.949 0.789 0.612
out: 1
in: 0.088 0.418 0.695 0.009 0.784 0.076 0.336
out: 1
in: 0.027 0.163 0.389 0.629 0.63 0.247 0.289
out: 1
in: 0.845 0.308 0.739 0.307 0.582 0.267 0.975
out: 1
in: 0.655 0.921 0.076 0.105 0.17 0.512 0.117
out: 1
in: 0.025 0.818 0.047 0.684 0.862 0.984 0.874
out: 1
in: 0.964 0.065 0.284 0.419 0.209 0.973 0.894
out: 1
in: 0.288 0.632 0.287 0.756 0.137 0.586 0.397
out: 1
in: 0.001 0.657 0.875 0.563 0.025 0.841 0.949
out: 1
in: 0.887 0.389 0.94 0.325 0.224 0.471 0.844
out: 1
in: 0.766 0.689 0.833 0.468 0.652 0.027 0.517
out: 1
in: 0.685 0.087 0.901 0.956 0.398 0.937 0.237
out: 1
in: 0.13 0.463 0.185 0.398 0.449 0.444 0.662
out: 1
in: 0.538 0.145 0.218 0.549 0.426 0.057 0.246
out: 1
in: 0.999 0.113 0.885 0.711 0.964 0.811 0.504
out: 1
in: 0.793 0.101 0.762 0.993 0.39 0.597 0.59
out: 1
in: 0.44 0.665 0.937 0.842 0.988 0.633 0.921
out: 1
in: 0.24 0.788 0.445 0.469 0.297 0.303 0.729
out: 1
in: 0.005 0.591 0.165 0.383 0.913 0.09 0.933
out: 1
in: 0.849 0.147 0.493 0.62 0.021 0.016 0.224
out: 1
in: 0.025 0.251 0.759 0.704 0.569 0.621 0.235
out: 1
in: 0.317 0.241 0.881 0.048 0.382 0.656 0.874
out: 1
in: 0.498 0.774 0.69 0.608 0.197 0.992 0.011
out: 1
in: 0.144 0.281 0.564 0.986 0.984 0.752 0.86
out: 1
in: 0.244 0.93 0.582 0.381 0.841 0.757 0.018
out: 1
in: 0.757 0.968 0.407 0.027 0.623 0.522 0.413
out: 1
in: 0.829 0.774 0.513 0.42 0.509 0.844 0.086
out: 1
in: 0.249 0.482 0.008 0.165 0.229 0.286 0.242
out: 1
in: 0.989 0.287 0.288 0.525 0.829 0.78 0.699
out: 1
in: 0.576 0.469 0.417 0.021 0.297 0.188 0.769
out: 1
in: 0.634 0.272 0.321 0.427 0.483 0.796 0.915
out: 1
in: 0.124 0.003 0.426 0.331 0.68 0.855 0.336
out: 1
in: 0.813 0.799 0.312 0.068 0.222 0.999 0.574
out: 1
in: 0.576 0.914 0.278 0.781 0.135 0.379 0.101
out: 1
in: 0.614 0.19 0.011 0.63 0.237 0.113 0.651
out: 1
in: 0.975 0.825 0.948 0.624 0.002 0.934 0.605
out: 1
in: 0.105 0.176 0.252 0.795 0.263 0.343 0.354
out: 1
in: 0.095 0.789 0.63 0.202 0.986 0.516 0.803
out: 1
in: 0.669 0.646 0.576 0.284 0.284 0.959 0.202
out: 1
in: 0.126 0.541 0.032 0.836 0.241 0.434 0.269
out: 1
in: 0.916 0.632 0.044 0.678 0.076 0.007 0.619
out: 1
in: 0.867 0.877 0.31 0.982 0.691 0.758 0.075
out: 1
in: 0.288 0.634 0.981 0.967 0.533 0.489 0.345
out: 1
in: 0.382 0.536 0.045 0.255 0.841 0.549 0.45
out: 1
in: 0.302 0.397 0.607 0.815 0.343 0.455 0.435
out: 1
in: 0.108 0.455 0.794 0.52 0.754 0.628 0.449
out: 1
in: 0.034 0.902 0.596 0.012 0.02 0.552 0.247
out: 1
in: 0.678 0.152 0.128 0.809 0.449 0.073 0.731
out: 1
in: 0.092 0.499 0.162 0.141 0.222 0.866 0.376
out: 1
in: 0.553 0.591 0.282 0.616 0.667 0.516 0.868
out: 1
in: 0.105 0.228 0.255 0.021 0.135 0.377 0.135
out: 1
in: 0.71 0.694 0.923 0.831 0.981 0.092 0.522
out: 1
in: 0.222 0.708 0.276 0.418 0.564 0.172 0.492
out: 1
in: 0.503 0.874 0.198 0.726 0.203 0.298 0.864
out: 1
in: 0.047 0.43 0.835 0.054 0.855 0.261 0.574
out: 1
in: 0.382 0.749 0.198 0.007 0.302 0.658 0.452
out: 1
in: 0.712 0.453 0.246 0.951 0.013 0.351 0.162
out: 1
in: 0.495 0.166 0.487 0.088 0.231 0.564 0.575
out: 1
in: 0.796 0.676 0.36 0.135 0.262 0.982 0.522
out: 1
in: 0.696 0.434 0.68 0.793 0.085 0.146 0.634
out: 1
in: 0.586 0.717 0.136 0.191 0.592 0.17 0.768
out: 1
in: 0.333 0.903 0.173 0.697 0.043 0.463 0.722
out: 1
in: 0.897 0.536 0.98 0.908 0.793 0.261 0.539
out: 1
in: 0.404 0.329 0.87 0.997 0.79 0.851 0.451
out: 1
in: 0.228 0.995 0.838 0.822 0.94 0.598 0.685
out: 1
in: 0.969 0.013 0.972 0.157 0.495 0.154 0.162
out: 1
in: 0.48 0.63 0.737 0.863 0.02 0.742 0.417
out: 1
in: 0.582 0.957 0.413 0.563 0.065 0.444 0.825
out: 1
in: 0.077 0.318 0.376 0.784 0.371 0.568 0.998
out: 1
in: 0.544 0.646 0.183 0.959 0.76 0.614 0.138
out: 1
in: 0.678 0.222 0.354 0.097 0.757 0.865 0.303
out: 1
in: 0.468 0.026 0.195 0.025 0.767 0.253 0.356
out: 1
in: 0.685 0.439 0.66 0.546 0.251 0.943 0.585
out: 1
in: 0.0 0.933 0.108 0.183 0.773 0.049 0.061
out: 1
in: 0.157 0.735 0.775 0.357 0.26 0.104 0.67
out: 1
in: 0.837 0.661 0.34 0.857 0.25 0.397 0.795
out: 1
in: 0.219 0.619 0.02 0.583 0.603 0.218 0.194
out: 1
in: 0.355 0.38 0.732 0.584 0.351 0.914 0.089
out: 1
in: 0.737 0.593 0.956 0.188 0.823 0.752 0.771
out: 1
in: 0.568 0.72 0.828 0.54 0.904 0.906 0.405
out: 1
in: 0.618 0.286 0.383 0.108 0.975 0.939 0.247
out: 1
in: 0.152 0.932 0.319 0.661 0.999 0.249 0.874
out: 1
in: 0.732 0.104 0.017 0.256 0.174 0.461 0.303
out: 1
in: 0.051 0.891 0.801 0.002 0.231 0.102 0.294
out: 1
in: 0.848 0.621 0.804 0.264 0.25 0.202 0.666
out: 1
in: 0.653 0.842 0.002 0.2 0.924 0.964 0.692
out: 1
in: 0.667 0.257 0.703 0.572 0.602 0.418 0.02
out: 1
in: 0.394 0.35 0.544 0.106 0.656 0.647 0.349
out: 1
in: 0.707 0.349 0.349 0.089 0.112 0.753 0.161
out: 1
in: 0.446 0.235 0.693 0.88 0.466 0.884 0.456
out: 1
in: 0.305 0.239 0.271 0.966 0.711 0.001 0.986
out: 1
in: 0.734 0.55 0.17 0.676 0.613 0.805 0.419
out: 1
in: 0.299 0.592 0.213 0.941 0.41 0.026 0.418
out: 1
in: 0.68 0.573 0.869 0.383 0.79 0.624 0.637
out: 1
in: 0.793 0.074 0.968 0.836 0.459 0.241 0.488
out: 1
in: 0.993 0.481 0.019 0.584 0.391 0.916 0.828
out: 1
in: 0.739 0.66 0.74 0.434 0.197 0.02 0.301
out: 1
in: 0.899 0.342 0.187 0.615 0.044 0.997 0.493
out: 1
in: 0.23 0.586 0.939 0.191 0.224 0.182 0.972
out: 1
in: 0.79 0.494 0.757 0.173 0.938 0.777 0.524
out: 1
in: 0.139 0.55 0.982 0.006 0.97 0.775 0.451
out: 1
in: 0.808 0.495 0.841 0.077 0.338 0.501 0.172
out: 1
in: 0.532 0.597 0.247 0.442 0.924 0.57 0.373
out: 1
in: 0.722 0.734 0.273 0.339 0.71 0.289 0.792
out: 1
in: 0.687 0.585 0.79 0.235 0.423 0.134 0.128
out: 1
in: 0.687 0.807 0.727 0.977 0.784 0.713 0.488
out: 1
in: 0.343 0.151 0.925 0.82 0.59 0.781 0.889
out: 1
in: 0.179 0.91 0.383 0.256 0.739 0.554 0.341
out: 1
in: 0.677 0.079 0.252 0.294 0.878 0.188 0.271
out: 1
in: 0.504 0.782 0.426 0.544 0.756 0.48 0.376
out: 1
in: 0.268 0.115 0.254 0.75 0.871 0.431 0.923
out: 1
in: 0.938 0.015 0.38 0.717 0.69 0.869 0.901
out: 1
in: 0.645 0.628 0.086 0.107 0.247 0.303 0.173
out: 1
in: 0.998 0.56 0.943 0.212 0.105 0.36 0.77
out: 1
in: 0.934 0.718 0.029 0.834 0.784 0.446 0.482
out: 1
in: 0.097 0.346 0.847 0.95 0.678 0.846 0.142
out: 1
in: 0.23 0.944 0.246 0.775 0.088 0.668 0.09
out: 1
in: 0.054 0.118 0.498 0.931 0.657 0.982 0.345
out: 1
in: 0.9 0.884 0.276 0.094 0.41 0.254 0.844
out: 1
in: 0.531 0.285 0.858 0.114 0.072 0.689 0.6
out: 1
in: 0.354 0.82 0.19 0.737 0.448 0.29 0.993
out: 1
in: 0.6 0.708 0.344 0.462 0.897 0.058 0.811
out: 1
in: 0.936 0.435 0.011 0.182 0.392 0.075 0.529
out: 1
in: 0.52 0.573 0.223 0.253 0.601 0.003 0.978
out: 1
in: 0.671 0.248 0.556 0.121 0.787 0.561 0.49
out: 1
in: 0.439 0.677 0.987 0.158 0.098 0.14 0.032
out: 1
in: 0.623 0.995 0.563 0.774 0.349 0.547 0.776
out: 1
in: 0.932 0.609 0.923 0.748 0.615 0.185 0.396
out: 1
in: 0.995 0.34 0.155 0.121 0.384 0.463 0.079
out: 1
in: 0.271 0.178 0.607 0.77 0.59 0.25 0.63
out: 1
in: 0.293 0.08 0.317 0.664 0.265 0.332 0.964
out: 1
in: 0.012 0.841 0.779 0.211 0.393 0.608 0.641
out: 1
in: 0.63 0.023 0.188 0.525 0.413 0.372 0.274
out: 1
in: 0.854 0.215 0.584 0.879 0.249 0.074 0.83
out: 1
in: 0.233 0.13 0.638 0.765 0.175 0.916 0.191
out: 1
in: 0.029 0.835 0.471 0.765 0.761 0.549 0.535
out: 1
in: 0.971 0.888 0.155 0.133 0.177 0.003 0.971
out: 1
in: 0.465 0.735 0.738 0.495 0.586 0.159 0.114
out: 1
in: 0.849 0.491 0.37 0.527 0.165 0.3 0.276
out: 1
in: 0.822 0.128 0.781 0.675 0.698 0.982 0.223
out: 1
in: 0.564 0.061 0.522 0.68 0.24 0.89 0.707
out: 1
in: 0.812 0.865 0.242 0.116 0.725 0.681 0.097
out: 1
in: 0.499 0.243 0.458 0.242 0.423 0.011 0.952
out: 1
in: 0.435 0.92 0.119 0.818 0.208 0.808 0.594
out: 1
in: 0.303 0.323 0.548 0.708 0.268 0.595 0.636
out: 1
in: 0.717 0.879 0.238 0.084 0.148 0.466 0.072
out: 1
in: 0.785 0.5 0.289 0.29 0.196 0.456 0.473
out: 1
in: 0.981 0.171 0.744 0.44 0.037 0.505 0.297
out: 1
in: 0.075 0.755 0.898 0.292 0.065 0.411 0.561
out: 1
in: 0.705 0.373 0.192 0.88 0.481 0.512 0.968
out: 1
in: 0.426 0.646 0.225 0.363 0.757 0.774 0.445
out: 1
in: 0.341 0.425 0.885 0.78 0.27 0.034 0.312
out: 1
in: 0.566 0.62 0.799 0.791 0.561 0.595 0.832
out: 1
in: 0.064 0.828 0.138 0.302 0.025 0.519 0.882
out: 1
in: 0.849 0.968 0.285 0.274 0.645 0.703 0.516
out: 1
in: 0.375 0.27 0.094 0.303 0.152 0.57 0.404
out: 1
in: 0.632 0.436 0.814 0.639 0.374 0.461 0.846
out: 1
in: 0.039 0.616 0.552 0.49 0.601 0.078 0.783
out: 1
in: 0.022 0.104 0.837 0.363 0.025 0.311 0.805
out: 1
in: 0.221 0.033 0.936 0.304 0.709 0.277 0.426
out: 1
in: 0.38 0.654 0.761 0.498 0.847 0.829 0.893
out: 1
in: 0.116 0.248 0.497 0.282 0.321 0.648 0.056
out: 1
in: 0.483 0.063 0.664 0.823 0.787 0.117 0.42
out: 1
in: 0.868 0.501 0.177 0.001 0.315 0.03 0.435
out: 1
in: 0.535 0.082 0.322 0.889 0.412 0.948 0.865
out: 1
in: 0.792 0.525 0.71 0.712 0.613 0.362 0.71
out: 1
in: 0.609 0.842 0.317 0.142 0.859 0.973 0.458
out: 1
in: 0.505 0.598 0.255 0.365 0.739 0.766 0.967
out: 1
in: 0.772 0.97 0.13 0.382 0.188 0.082 0.241
out: 1
in: 0.852 0.988 0.381 0.96 0.631 0.137 0.513
out: 1
in: 0.514 0.327 0.935 0.147 0.787 0.239 0.177
out: 1
in: 0.675 0.046 0.908 0.406 0.22 0.735 0.144
out: 1
in: 0.593 0.347 0.302 0.497 0.647 0.277 0.788
out: 1
in: 0.622 0.715 0.121 0.164 0.742 0.078 0.835
out: 1
in: 0.0 0.499 0.767 0.571 0.497 0.519 0.951
out: 1
in: 0.166 0.21 0.656 0.094 0.066 0.465 0.938
out: 1
in: 0.508 0.277 0.381 0.451 0.583 0.132 0.804
out: 1
in: 0.315 0.795 0.809 0.612 0.016 0.763 0.263
out: 1
in: 0.754 0.913 0.565 0.67 0.575 0.215 0.96
out: 1
in: 0.724 0.37 0.555 0.626 0.989 0.781 0.937
out: 1
in: 0.923 0.351 0.168 0.639 0.636 0.731 0.713
out: 1
in: 0.696 0.13 0.195 0.668 0.356 0.065 0.838
out: 1
in: 0.652 0.444 0.394 0.744 0.903 0.552 0.063
out: 1
in: 0.706 0.744 0.889 0.336 0.916 0.088 0.769
out: 1
in: 0.172 0.861 0.569 0.947 0.806 0.611 0.408
out: 1
in: 0.936 0.347 0.76 0.902 0.928 0.526 0.09
out: 1
in: 0.55 0.097 0.254 0.241 0.17 0.525 0.621
out: 1
in: 0.186 0.262 0.791 0.353 0.413 0.47 0.666
out: 1
in: 0.96 0.302 0.634 0.747 0.934 0.73 0.293
out: 1
in: 0.456 0.971 0.273 0.923 0.042 0.71 0.547
out: 1
in: 0.056 0.959 0.535 0.697 0.096 0.613 0.781
out: 1
in: 0.726 0.838 0.728 0.363 0.696 0.101 0.864
out: 1
in: 0.138 0.476 0.535 0.824 0.299 0.767 0.715
out: 1
in: 0.245 0.41 0.294 0.959 0.983 0.97 0.327
out: 1
in: 0.468 0.791 0.069 0.368 0.167 0.005 0.085
out: 1
in: 0.175 0.256 0.653 0.008 0.481 0.466 0.281
out: 1
in: 0.59 0.978 0.746 0.977 0.922 0.097 0.364
out: 1
in: 0.378 0.784 0.886 0.102 0.444 0.842 0.714
out: 1
in: 0.37 0.115 0.407 0.946 0.17 0.242 0.836
out: 1
in: 0.902 0.574 0.519 0.216 0.979 0.801 0.664
out: 1
in: 0.973 0.675 0.854 0.683 0.434 0.636 0.799
out: 1
in: 0.329 0.981 0.047 0.225 0.525 0.992 0.528
out: 1
in: 0.407 0.068 0.561 0.79 0.115 0.635 0.18
out: 1
in: 0.476 0.21 0.849 0.325 0.286 0.825 0.66
out: 1
in: 0.317 0.331 0.227 0.374 0.911 0.459 0.107
out: 1
in: 0.682 0.851 0.668 0.189 0.888 0.249 0.908
out: 1
in: 0.886 0.23 0.776 0.169 0.333 0.64 0.541
out: 1
in: 0.541 0.319 0.307 0.752 0.835 0.704 0.063
out: 1
in: 0.275 0.986 0.435 0.731 0.709 0.038 0.814
out: 1
in: 0.393 0.884 0.267 0.652 0.692 0.957 0.342
out: 1
in: 0.632 0.329 0.852 0.037 0.708 0.265 0.2
out: 1
in: 0.451 0.533 0.605 0.878 0.341 0.69 0.403
out: 1
in: 0.019 0.697 0.197 0.353 0.799 0.142 0.987
out: 1
in: 0.149 0.092 0.392 0.095 0.99 0.081 0.802
out: 1
in: 0.357 0.043 0.209 0.959 0.626 0.902 0.378
out: 1
in: 0.449 0.62 0.153 0.606 0.871 0.134 0.804
out: 1
in: 0.857 0.102 0.65 0.065 0.502 0.949 0.682
out: 1
in: 0.033 0.654 0.141 0.515 0.813 0.609 0.0
out: 1
in: 0.862 0.082 0.578 0.554 0.454 0.018 0.716
out: 1
in: 0.075 0.551 0.545 0.811 0.972 0.547 0.641
out: 1
in: 0.697 0.819 0.007 0.882 0.162 0.164 0.735
out: 1
in: 0.889 0.67 0.501 0.82 0.751 0.154 0.807
out: 1
in: 0.474 0.261 0.046 0.987 0.218 0.713 0.638
out: 1
in: 0.007 0.95 0.354 0.271 0.031 0.497 0.308
out: 1
in: 0.233 0.488 0.406 0.235 0.983 0.705 0.356
out: 1
in: 0.171 0.304 0.931 0.76 0.533 0.802 0.857
out: 1
in: 0.868 0.002 0.639 0.687 0.823 0.93 0.711
out: 1
in: 0.584 0.154 0.203 0.033 0.126 0.545 0.098
out: 1
in: 0.434 0.065 0.01 0.214 0.349 0.371 0.834
out: 1
in: 0.113 0.829 0.543 0.981 0.244 0.905 0.024
out: 1
in: 0.295 0.125 0.831 0.774 0.014 0.48 0.532
out: 1
in: 0.397 0.032 0.728 0.544 0.037 0.813 0.761
out: 1
in: 0.193 0.805 0.301 0.105 0.647 0.794 0.728
out: 1
in: 0.746 0.838 0.774 0.235 0.35 0.16 0.37
out: 1
in: 0.84 0.793 0.314 0.002 0.09 0.612 0.118
out: 1
in: 0.144 0.969 0.611 0.939 0.578 0.695 0.868
out: 1
in: 0.289 0.118 0.492 0.693 0.958 0.838 0.966
out: 1
in: 0.294 0.431 0.22 0.18 0.975 0.305 0.191
out: 1
in: 0.584 0.798 0.488 0.317 0.14 0.207 0.384
out: 1
in: 0.566 0.226 0.476 0.303 0.002 0.989 0.899
out: 1
in: 0.158 0.555 0.791 0.632 0.279 0.603 0.659
out: 1
in: 0.335 0.0 0.707 0.254 0.567 0.328 0.428
out: 1
in: 0.638 0.973 0.57 0.522 0.062 0.122 0.093
out: 1
in: 0.222 0.912 0.46 0.95 0.702 0.848 0.815
out: 1
in: 0.203 0.894 0.444 0.466 0.72 0.132 0.237
out: 1
in: 0.292 0.759 0.332 0.011 0.438 0.267 0.09
out: 1
in: 0.348 0.731 0.352 0.163 0.499 0.695 0.632
out: 1
in: 0.691 0.482 0.749 0.949 0.386 0.217 0.735
out: 1
in: 0.549 0.263 0.211 0.383 0.908 0.486 0.3
out: 1
in: 0.189 0.536 0.67 0.181 0.338 0.989 0.561
out: 1
in: 0.788 0.945 0.824 0.303 0.176 0.242 0.603
out: 1
in: 0.806 0.598 0.894 0.297 0.335 0.672 0.204
out: 1
in: 0.515 0.263 0.882 0.275 0.632 0.122 0.741
out: 1
in: 0.148 0.163 0.404 0.531 0.009 0.175 0.784
out: 1
in: 0.008 0.481 0.574 0.851 0.724 0.777 0.306
out: 1
in: 0.788 0.358 0.949 0.374 0.008 0.129 0.468
out: 1
in: 0.583 0.057 0.165 0.849 0.203 0.156 0.75
out: 1
in: 0.441 0.021 0.629 0.447 0.155 0.871 0.951
out: 1
in: 0.86 0.866 0.703 0.705 0.583 0.424 0.569
out: 1
in: 0.468 0.11 0.947 0.18 0.094 0.693 0.43
out: 1
in: 0.421 0.553 0.492 0.401 0.877 0.963 0.689
out: 1
in: 0.311 0.641 0.342 0.916 0.01 0.307 0.781
out: 1
in: 0.004 0.978 0.703 0.947 0.243 0.716 0.825
out: 1
in: 0.614 0.939 0.387 0.185 0.874 0.741 0.216
out: 1
in: 0.202 0.268 0.571 0.851 0.757 0.67 0.491
out: 1
in: 0.391 0.463 0.17 0.115 0.616 0.31 0.027
out: 1
in: 0.476 0.403 0.309 0.68 0.671 0.173 0.499
out: 1
in: 0.37 0.153 0.707 0.474 0.85 0.461 0.322
out: 1
in: 0.898 0.898 0.253 0.726 0.575 0.087 0.135
out: 1
in: 0.012 0.834 0.325 0.923 0.206 0.715 0.489
out: 1
in: 0.159 0.65 0.163 0.265 0.254 0.749 0.905
out: 1
in: 0.237 0.286 0.727 0.57 0.277 0.901 0.89
out: 1
in: 0.353 0.244 0.023 0.486 0.405 0.366 0.713
out: 1
in: 0.874 0.738 0.326 0.787 0.775 0.832 0.573
out: 1
in: 0.112 0.695 0.696 0.591 0.353 0.476 0.327
out: 1
in: 0.014 0.629 0.39 0.103 0.978 0.537 0.973
out: 1
in: 0.0 0.086 0.215 0.289 0.341 0.123 0.829
out: 1
in: 0.096 0.607 0.176 0.123 0.834 0.949 0.827
out: 1
in: 0.757 0.77 0.142 0.967 0.764 0.71 0.969
out: 1
in: 0.689 0.434 0.707 0.93 0.382 0.128 0.451
out: 1
in: 0.866 0.601 0.289 0.764 0.897 0.093 0.443
out: 1
in: 0.89 0.446 0.046 0.023 0.951 0.433 0.869
out: 1
in: 0.292 0.105 0.111 0.799 0.264 0.806 0.97
out: 1
in: 0.355 0.268 0.641 0.535 0.389 0.243 0.887
out: 1
in: 0.14 0.498 0.587 0.662 0.317 0.637 0.707
out: 1
in: 0.615 0.84 0.65 0.52 0.724 0.637 0.874
out: 1
in: 0.162 0.034 0.569 0.023 0.917 0.604 0.406
out: 1
in: 0.637 0.368 0.249 0.225 0.989 0.638 0.438
out: 1
in: 0.921 0.91 0.429 0.197 0.66 0.482 0.262
out: 1
in: 0.522 0.341 0.814 0.846 0.038 0.284 0.882
out: 1
in: 0.676 0.432 0.475 0.009 0.836 0.459 0.028
out: 1
in: 0.813 0.117 0.144 0.096 0.582 0.651 0.301
out: 1
in: 0.143 0.968 0.349 0.751 0.556 0.273 0.879
out: 1
in: 0.026 0.186 0.553 0.963 0.142 0.644 0.508
out: 1
in: 0.699 0.088 0.342 0.72 0.6 0.385 0.962
out: 1
in: 0.452 0.413 0.502 0.109 0.228 0.34 0.164
out: 1
in: 0.114 0.147 0.96 0.122 0.052 0.109 0.756
out: 1
in: 0.138 0.498 0.79 0.673 0.078 0.735 0.383
out: 1
in: 0.417 0.531 0.613 0.637 0.297 0.51 0.68
out: 1
in: 0.575 0.55 0.761 0.916 0.175 0.06 0.365
out: 1
in: 0.396 0.082 0.311 0.626 0.584 0.223 0.363
out: 1
in: 0.713 0.124 0.254 0.105 0.958 0.543 0.897
out: 1
in: 0.945 0.874 0.497 0.456 0.739 0.418 0.412
out: 1
in: 0.568 0.298 0.921 0.325 0.751 0.081 0.904
out: 1
in: 0.082 0.912 0.897 0.394 0.28 0.341 0.029
out: 1
in: 0.08 0.198 0.855 0.024 0.55 0.605 0.974
out: 1
in: 0.749 0.39 0.506 0.417 0.124 0.891 0.914
out: 1
in: 0.483 0.667 0.849 0.241 0.302 0.145 0.267
out: 1
in: 0.301 0.344 0.806 0.742 0.312 0.401 0.391
out: 1
in: 0.273 0.812 0.505 0.583 0.665 0.983 0.234
out: 1
in: 0.285 0.726 0.609 0.79 0.949 0.786 0.672
out: 1
in: 0.116 0.943 0.255 0.054 0.71 0.445 0.033
out: 1
in: 0.559 0.543 0.235 0.542 0.007 0.518 0.697
out: 1
in: 0.937 0.9 0.697 0.549 0.35 0.97 0.735
out: 1
in: 0.08 0.076 0.146 0.182 0.895 0.133 0.963
out: 1
in: 0.249 0.632 0.601 0.47 0.445 0.964 0.914
out: 1
in: 0.079 0.446 0.979 0.475 0.57 0.897 0.357
out: 1
in: 0.076 0.505 0.965 0.884 0.025 0.973 0.778
out: 1
in: 0.23 0.298 0.556 0.699 0.199 0.098 0.144
out: 1
in: 0.992 0.82 0.445 0.634 0.082 0.312 0.627
out: 1
in: 0.734 0.996 0.347 0.535 0.102 0.038 0.081
out: 1
in: 0.618 0.913 0.692 0.133 0.383 0.417 0.206
out: 1
in: 0.706 0.197 0.853 0.173 0.212 0.688 0.426
out: 1
in: 0.84 0.055 0.108 0.388 0.164 0.89 0.579
out: 1
in: 0.588 0.722 0.998 0.407 0.191 0.264 0.018
out: 1
in: 0.187 0.321 0.355 0.618 0.058 0.139 0.484
out: 1
in: 0.989 0.26 0.777 0.003 0.175 0.311 0.95
out: 1
in: 0.979 0.843 0.868 0.582 0.022 0.449 0.315
out: 1
in: 0.227 0.201 0.582 0.938 0.538 0.122 0.729
out: 1
in: 0.579 0.502 0.222 0.004 0.634 0.161 0.082
out: 1
in: 0.059 0.68 0.589 0.007 0.174 0.725 0.68
out: 1
in: 0.682 0.759 0.146 0.582 0.651 0.313 0.063
out: 1
in: 0.599 0.021 0.3 0.529 0.002 0.171 0.987
out: 1
in: 0.184 0.485 0.694 0.399 0.206 0.32 0.124
out: 1
in: 0.602 0.754 0.907 0.675 0.601 0.114 0.42
out: 1
in: 0.443 0.246 0.288 0.694 0.717 0.773 0.692
out: 1
in: 0.394 0.992 0.273 0.786 0.163 0.301 0.533
out: 1
in: 0.343 0.962 0.181 0.901 0.088 0.478 0.526
out: 1
in: 0.143 0.202 0.372 0.745 0.75 0.791 0.471
out: 1
in: 0.852 0.561 0.204 0.19 0.416 0.788 0.241
out: 1
in: 0.41 0.005 0.2 0.619 0.395 0.657 0.324
out: 1
in: 0.531 0.329 0.165 0.472 0.174 0.942 0.077
out: 1
in: 0.591 0.382 0.861 0.323 0.674 0.372 0.224
out: 1
in: 0.373 0.858 0.079 0.234 0.595 0.55 0.853
out: 1
in: 0.511 0.389 0.81 0.207 0.342 0.777 0.008
out: 1
in: 0.885 0.966 0.944 0.941 0.427 0.129 0.27
out: 1
in: 0.88 0.024 0.11 0.064 0.249 0.739 0.183
out: 1
in: 0.26 0.621 0.198 0.255 0.752 0.774 0.866
out: 1
in: 0.672 0.957 0.829 0.654 0.623 0.534 0.729
out: 1
in: 0.264 0.754 0.463 0.898 0.596 0.696 0.374
out: 1
in: 0.887 0.445 0.847 0.677 0.25 0.879 0.071
out: 1
in: 0.739 0.942 0.406 0.216 0.512 0.518 0.668
out: 1
in: 0.954 0.509 0.038 0.32 0.41 0.13 0.753
out: 1
in: 0.0 0.204 0.475 0.038 0.147 0.105 0.425
out: 1
in: 0.272 0.932 0.229 0.923 0.817 0.568 0.341
out: 1
in: 0.263 0.071 0.924 0.155 0.263 0.747 0.293
out: 1
in: 0.734 0.717 0.784 0.458 0.306 0.926 0.015
out: 1
in: 0.866 0.921 0.109 0.73 0.304 0.122 0.281
out: 1
in: 0.14 0.477 0.838 0.622 0.888 0.363 0.805
out: 1
in: 0.145 0.382 0.543 0.778 0.505 0.376 0.334
out: 1
in: 0.494 0.956 0.061 0.641 0.465 0.673 0.715
out: 1
in: 0.004 0.225 0.679 0.822 0.765 0.849 0.024
out: 1
in: 0.062 0.127 0.94 0.841 0.457 0.537 0.419
out: 1
in: 0.346 0.885 0.033 0.474 0.981 0.25 0.584
out: 1
in: 0.223 0.69 0.531 0.084 0.42 0.481 0.443
out: 1
in: 0.48 0.513 0.177 0.089 0.219 0.021 0.474
out: 1
in: 0.709 0.379 0.269 0.776 0.636 0.249 0.716
out: 1
in: 0.596 0.084 0.628 0.254 0.513 0.212 0.464
out: 1
in: 0.57 0.711 0.844 0.613 0.976 0.767 0.544
out: 1
in: 0.78 0.015 0.312 0.046 0.876 0.186 0.809
out: 1
in: 0.254 0.647 0.443 0.812 0.131 0.754 0.624
out: 1
in: 0.24 0.689 0.13 0.75 0.449 0.025 0.825
out: 1
in: 0.158 0.215 0.564 0.166 0.623 0.461 0.714
out: 1
in: 0.491 0.395 0.185 0.574 0.759 0.457 0.461
out: 1
in: 0.008 0.678 0.921 0.4 0.745 0.799 0.18
out: 1
in: 0.397 0.072 0.06 0.888 0.687 0.684 0.303
out: 1
in: 0.456 0.813 0.028 0.577 0.071 0.863 0.553
out: 1
in: 0.197 0.604 0.908 0.941 0.894 0.713 0.515
out: 1
in: 0.688 0.788 0.019 0.826 0.719 0.714 0.022
out: 1
in: 0.376 0.539 0.899 0.526 0.988 0.4 0.7
out: 1
in: 0.333 0.122 0.382 0.137 0.656 0.524 0.718
out: 1
in: 0.656 0.433 0.274 0.207 0.026 0.792 0.766
out: 1
in: 0.06 0.055 0.383 0.654 0.003 0.496 0.829
out: 1
in: 0.423 0.059 0.428 0.467 0.381 0.467 0.025
out: 1
in: 0.974 0.288 0.138 0.672 0.007 0.378 0.489
out: 1
in: 0.069 0.104 0.322 0.391 0.361 0.868 0.47
out: 1
in: 0.731 0.355 0.979 0.791 0.748 0.83 0.726
out: 1
in: 0.706 0.869 0.213 0.289 0.791 0.779 0.926
out: 1
in: 0.245 0.299 0.058 0.183 0.11 0.369 0.965
out: 1
in: 0.938 0.758 0.608 0.419 0.447 0.273 0.743
out: 1
in: 0.125 0.442 0.203 0.237 0.099 0.342 0.645
out: 1
in: 0.307 0.087 0.843 0.946 0.515 0.087 0.415
out: 1
in: 0.153 0.515 0.494 0.058 0.991 0.994 0.142
out: 1
in: 0.648 0.113 0.072 0.896 0.123 0.359 0.724
out: 1
in: 0.233 0.772 0.44 0.175 0.357 0.836 0.71
out: 1
in: 0.704 0.339 0.915 0.878 0.192 0.136 0.469
out: 1
in: 0.206 0.074 0.272 0.042 0.537 0.847 0.376
out: 1
in: 0.941 0.657 0.243 0.954 0.89 0.457 0.54
out: 1
in: 0.987 0.398 0.495 0.407 0.915 0.228 0.231
out: 1
in: 0.565 0.949 0.841 0.283 0.912 0.981 0.085
out: 1
in: 0.392 0.745 0.344 0.131 0.986 0.434 0.313
out: 1
in: 0.126 0.498 0.668 0.213 0.945 0.035 0.361
out: 1
in: 0.898 0.504 0.92 0.687 0.254 0.152 0.349
out: 1
in: 0.882 0.315 0.486 0.362 0.696 0.539 0.985
out: 1
in: 0.355 0.474 0.237 0.428 0.008 0.241 0.057
out: 1
in: 0.912 0.394 0.37 0.968 0.014 0.64 0.306
out: 1
in: 0.387 0.864 0.274 0.725 0.161 0.664 0.958
out: 1
in: 0.692 0.58 0.621 0.924 0.541 0.919 0.994
out: 1
in: 0.675 0.735 0.536 0.484 0.77 0.988 0.338
out: 1
in: 0.967 0.019 0.195 0.439 0.702 0.986 0.521
out: 1
in: 0.74 0.085 0.418 0.305 0.93 0.979 0.971
out: 1
in: 0.154 0.275 0.47 0.807 0.995 0.788 0.788
out: 1
in: 0.142 0.181 0.213 0.978 0.536 0.028 0.099
out: 1
in: 0.323 0.463 0.946 0.465 0.849 0.908 0.868
out: 1
in: 0.444 0.384 0.375 0.012 0.47 0.326 0.238
out: 1
in: 0.51 0.884 0.234 0.156 0.447 0.253 0.688
out: 1
in: 0.232 0.566 0.312 0.18 0.124 0.144 0.036
out: 1
in: 0.739 0.02 0.429 0.264 0.858 0.893 0.368
out: 1
in: 0.572 0.711 0.672 0.182 0.695 0.631 0.861
out: 1
in: 0.117 0.656 0.462 0.539 0.767 0.974 0.086
out: 1
in: 0.952 0.327 0.325 0.063 0.411 0.106 0.191
out: 1
in: 0.849 0.166 0.286 0.944 0.757 0.479 0.587
out: 1
in: 0.407 0.469 0.798 0.143 0.15 0.407 0.287
out: 1
in: 0.088 0.677 0.033 0.759 0.022 0.791 0.947
out: 1
in: 0.73 0.718 0.155 0.528 0.986 0.552 0.242
out: 1
in: 0.708 0.902 0.85 0.296 0.565 0.671 0.367
out: 1
in: 0.693 0.24 0.629 0.671 0.205 0.67 0.779
out: 1
in: 0.774 0.019 0.689 0.488 0.97 0.564 0.377
out: 1
in: 0.863 0.964 0.337 0.929 0.121 0.076 0.814
out: 1
in: 0.64 0.554 0.475 0.107 0.9 0.233 0.653
out: 1
in: 0.716 0.536 0.387 0.6 0.769 0.358 0.049
out: 1
in: 0.813 0.821 0.249 0.445 0.15 0.82 0.258
out: 1
in: 0.065 0.428 0.732 0.059 0.037 0.895 0.701
out: 1
in: 0.145 0.555 0.421 0.093 0.036 0.528 0.821
out: 1
in: 0.075 0.374 0.712 0.513 0.834 0.299 0.064
out: 1
in: 0.666 0.144 0.793 0.95 0.493 0.388 0.894
out: 1
in: 0.844 0.644 0.193 0.312 0.648 0.72 0.616
out: 1
in: 0.674 0.774 0.774 0.964 0.506 0.168 0.287
out: 1
in: 0.984 0.082 0.032 0.323 0.025 0.606 0.331
out: 1
in: 0.041 0.943 0.694 0.683 0.454 0.853 0.644
out: 1
in: 0.759 0.952 0.733 0.811 0.558 0.733 0.693
out: 1
in: 0.122 0.164 0.889 0.115 0.491 0.995 0.226
out: 1
in: 0.056 0.627 0.981 0.628 0.455 0.182 0.703
out: 1
in: 0.538 0.129 0.753 0.868 0.517 0.105 0.119
out: 1
in: 0.982 0.653 0.031 0.706 0.402 0.717 0.591
out: 1
in: 0.102 0.006 0.127 0.94 0.243 0.573 0.55
out: 1
in: 0.591 0.437 0.936 0.808 0.853 0.041 0.724
out: 1
in: 0.427 0.07 0.469 0.194 0.537 0.853 0.513
out: 1
in: 0.082 0.138 0.82 0.219 0.728 0.768 0.977
out: 1
in: 0.139 0.531 0.264 0.43 0.918 0.754 0.566
out: 1
in: 0.27 0.311 0.499 0.943 0.319 0.473 0.652
out: 1
in: 0.94 0.921 0.726 0.744 0.761 0.116 0.1
out: 1
in: 0.251 0.7 0.405 0.502 0.924 0.517 0.538
out: 1
in: 0.934 0.312 0.682 0.983 0.513 0.356 0.215
out: 1
in: 0.545 0.821 0.938 0.343 0.793 0.011 0.225
out: 1
in: 0.869 0.241 0.517 0.492 0.651 0.85 0.227
out: 1
in: 0.946 0.281 0.687 0.764 0.644 0.096 0.22
out: 1
in: 0.072 0.748 0.866 0.011 0.692 0.675 0.924
out: 1
in: 0.421 0.803 0.902 0.764 0.7 0.217 0.025
out: 1
in: 0.244 0.368 0.371 0.719 0.548 0.695 0.356
out: 1
in: 0.859 0.863 0.969 0.724 0.135 0.714 0.104
out: 1
in: 0.394 0.501 0.795 0.058 0.949 0.77 0.221
out: 1
in: 0.094 0.104 0.675 0.04 0.947 0.253 0.79
out: 1
in: 0.169 0.536 0.205 0.694 0.491 0.478 0.631
out: 1
in: 0.826 0.136 0.184 0.087 0.089 0.234 0.478
out: 1
in: 0.35 0.636 0.352 0.385 0.72 0.012 0.254
out: 1
in: 0.309 0.418 0.107 0.058 0.508 0.814 0.409
out: 1
in: 0.012 0.135 0.511 0.717 0.192 0.669 0.999
out: 1
in: 0.075 0.662 0.365 0.386 0.72 0.706 0.136
out: 1
in: 0.641 0.092 0.022 0.455 0.198 0.659 0.445
out: 1
in: 0.367 0.802 0.486 0.79 0.398 0.228 0.796
out: 1
in: 0.443 0.458 0.953 0.521 0.531 0.641 0.524
out: 1
in: 0.051 0.307 0.505 0.479 0.256 0.524 0.214
out: 1
in: 0.055 0.851 0.916 0.438 0.764 0.999 0.548
out: 1
in: 0.35 0.542 0.239 0.637 0.331 0.153 0.739
out: 1
in: 0.229 0.694 0.4 0.144 0.894 0.546 0.038
out: 1
in: 0.899 0.772 0.123 0.43 0.5 0.143 0.471
out: 1
in: 0.047 0.997 0.385 0.189 0.904 0.403 0.55
out: 1
in: 0.786 0.344 0.117 0.712 0.687 0.511 0.604
out: 1
in: 0.024 0.562 0.608 0.044 0.872 0.125 0.52
out: 1
in: 0.317 0.411 0.693 0.884 0.746 0.841 0.897
out: 1
in: 0.375 0.017 0.656 0.336 0.046 0.113 0.83
out: 1
in: 0.242 0.357 0.726 0.266 0.116 0.131 0.573
out: 1
in: 0.505 0.02 0.042 0.161 0.812 0.621 0.33
out: 1
in: 0.986 0.733 0.49 0.28 0.135 0.211 0.614
out: 1
in: 0.231 0.862 0.845 0.002 0.412 0.915 0.461
out: 1
in: 0.956 0.279 0.047 0.706 0.586 0.215 0.064
out: 1
in: 0.956 0.76 0.132 0.946 0.408 0.172 0.267
out: 1
in: 0.349 0.642 0.39 0.699 0.24 0.727 0.154
out: 1
in: 0.189 0.307 0.552 0.741 0.657 0.384 0.46
out: 1
in: 0.389 0.52 0.931 0.4 0.528 0.773 0.157
out: 1
in: 0.738 0.961 0.149 0.172 0.141 0.187 0.715
out: 1
in: 0.918 0.913 0.043 0.319 0.17 0.368 0.031
out: 1
in: 0.765 0.241 0.793 0.764 0.048 0.938 0.748
out: 1
in: 0.084 0.118 0.376 0.631 0.423 0.904 0.362
out: 1
in: 0.278 0.277 0.218 0.355 0.289 0.023 0.629
out: 1
in: 0.953 0.947 0.188 0.911 0.24 0.62 0.399
out: 1
in: 0.737 0.139 0.303 0.971 0.332 0.007 0.013
out: 1
in: 0.946 0.478 0.089 0.98 0.594 0.445 0.113
out: 1
in: 0.754 0.233 0.262 0.457 0.76 0.237 0.046
out: 1
in: 0.308 0.611 0.186 0.601 0.819 0.72 0.52
out: 1
in: 0.903 0.224 0.57 0.588 0.031 0.667 0.963
out: 1
in: 0.182 0.855 0.068 0.413 0.833 0.438 0.078
out: 1
in: 0.585 0.508 0.983 0.86 0.792 0.058 0.221
out: 1
in: 0.782 0.782 0.538 0.292 0.512 0.916 0.905
out: 1
in: 0.047 0.592 0.012 0.221 0.931 0.217 0.677
out: 1
in: 0.232 0.31 0.45 0.78 0.032 0.228 0.353
out: 1
in: 0.856 0.857 0.013 0.553 0.186 0.779 0.834
out: 1
in: 0.956 0.75 0.285 0.577 0.6 0.405 0.601
out: 1
in: 0.069 0.459 0.207 0.87 0.639 0.398 0.124
out: 1
in: 0.942 0.997 0.956 0.11 0.057 0.394 0.789
out: 1
in: 0.56 0.948 0.364 0.92 0.994 0.998 0.329
out: 1
in: 0.888 0.657 0.973 0.782 0.542 0.578 0.152
out: 1
in: 0.198 0.483 0.006 0.674 0.223 0.463 0.875
out: 1
in: 0.974 0.256 0.68 0.682 0.53 0.082 0.681
out: 1
in: 0.831 0.944 0.996 0.7 0.318 0.481 0.104
out: 1
in: 0.024 0.373 0.941 0.528 0.956 0.298 0.992
out: 1
in: 0.682 0.375 0.586 0.085 0.215 0.816 0.193
out: 1
in: 0.965 0.463 0.3 0.434 0.899 0.388 0.484
out: 1
in: 0.141 0.996 0.564 0.467 0.037 0.611 0.734
out: 1
in: 0.958 0.598 0.272 0.644 0.581 0.672 0.288
out: 1
in: 0.242 0.044 0.068 0.026 0.75 0.264 0.416
out: 1
in: 0.423 0.457 0.13 0.449 0.479 0.762 0.415
out: 1
in: 0.693 0.194 0.707 0.112 0.831 0.901 0.847
out: 1
in: 0.509 0.71 0.145 0.928 0.463 0.855 0.747
out: 1
in: 0.963 0.821 0.547 0.562 0.391 0.657 0.833
out: 1
in: 0.319 0.629 0.36 0.386 0.231 0.871 0.782
out: 1
in: 0.668 0.515 0.616 0.839 0.164 0.126 0.696
out: 1
in: 0.072 0.248 0.463 0.951 0.469 0.545 0.048
out: 1
in: 0.156 0.286 0.242 0.001 0.131 0.373 0.946
out: 1
in: 0.494 0.872 0.854 0.302 0.385 0.441 0.729
out: 1
in: 0.89 0.051 0.472 0.441 0.552 0.721 0.647
out: 1
in: 0.634 0.787 0.946 0.101 0.593 0.106 0.236
out: 1
in: 0.884 0.958 0.428 0.764 0.524 0.037 0.908
out: 1
in: 0.027 0.896 0.569 0.139 0.952 0.109 0.563
out: 1
in: 0.024 0.376 0.98 0.205 0.83 0.152 0.599
out: 1
in: 0.863 0.368 0.808 0.836 0.239 0.995 0.376
out: 1
in: 0.375 0.726 0.496 0.592 0.868 0.763 0.161
out: 1
in: 0.81 0.5 0.087 0.286 0.746 0.785 0.303
out: 1
in: 0.817 0.688 0.821 0.584 0.079 0.309 0.627
out: 1
in: 0.132 0.432 0.25 0.838 0.137 0.293 0.327
out: 1
in: 0.831 0.606 0.791 0.468 0.266 0.895 0.793
out: 1
in: 0.657 0.65 0.831 0.924 0.351 0.97 0.516
out: 1
in: 0.865 0.361 0.758 0.972 0.3 0.908 0.129
out: 1
in: 0.721 0.9 0.279 0.131 0.086 0.776 0.215
out: 1
in: 0.326 0.089 0.448 0.161 0.905 0.856 0.54
out: 1
in: 0.11 0.08 0.305 0.131 0.887 0.251 0.004
out: 1
in: 0.263 0.6 0.203 0.816 0.38 0.663 0.458
out: 1
in: 0.201 0.576 0.258 0.725 0.053 0.024 0.499
out: 1
in: 0.251 0.05 0.33 0.17 0.49 0.038 0.874
out: 1
in: 0.503 0.558 0.795 0.79 0.904 0.559 0.348
out: 1
in: 0.663 0.924 0.25 0.143 0.803 0.876 0.487
out: 1
in: 0.985 0.392 0.546 0.442 0.269 0.845 0.116
out: 1
in: 0.259 0.006 0.879 0.774 0.971 0.862 0.849
out: 1
in: 0.653 0.287 0.024 0.523 0.335 0.215 0.69
out: 1
in: 0.255 0.297 0.227 0.893 0.72 0.017 0.56
out: 1
in: 0.666 0.377 0.528 0.158 0.764 0.795 0.807
out: 1
in: 0.604 0.665 0.402 0.942 0.904 0.292 0.744
out: 1
in: 0.539 0.008 0.597 0.322 0.944 0.044 0.587
out: 1
in: 0.901 0.213 0.977 0.252 0.991 0.093 0.814
out: 1
in: 0.774 0.184 0.209 0.246 0.227 0.85 0.968
out: 1
in: 0.134 0.559 0.642 0.693 0.745 0.406 0.389
out: 1
in: 0.11 0.226 0.085 0.054 0.322 0.266 0.907
out: 1
in: 0.51 0.449 0.311 0.81 0.887 0.594 0.438
out: 1
in: 0.176 0.091 0.426 0.599 0.25 0.278 0.89
out: 1
in: 0.09 0.843 0.48 0.782 0.429 0.581 0.101
out: 1
in: 0.647 0.176 0.395 0.73 0.469 0.842 0.791
out: 1
in: 0.73 0.11 0.277 0.745 0.337 0.181 0.125
out: 1
in: 0.322 0.378 0.216 0.394 0.886 0.177 0.387
out: 1
in: 0.343 0.001 0.788 0.121 0.838 0.224 0.243
out: 1
in: 0.508 0.815 0.888 0.168 0.112 0.356 0.925
out: 1
in: 0.108 0.783 0.253 0.37 0.805 0.633 0.753
out: 1
in: 0.877 0.119 0.097 0.123 0.587 0.912 0.754
out: 1
in: 0.379 0.69 0.97 0.683 0.96 0.613 0.843
out: 1
in: 0.662 0.505 0.39 0.661 0.684 0.464 0.288
out: 1
in: 0.953 0.98 0.49 0.848 0.914 0.707 0.405
out: 1
in: 0.444 0.817 0.812 0.096 0.845 0.389 0.636
out: 1
in: 0.722 0.94 0.707 0.769 0.341 0.939 0.183
out: 1
in: 0.498 0.605 0.416 0.412 0.829 0.088 0.668
out: 1
in: 0.016 0.871 0.595 0.399 0.453 0.719 0.359
out: 1
in: 0.05 0.508 0.848 0.293 0.26 0.81 0.983
out: 1
in: 0.781 0.074 0.25 0.154 0.02 0.941 0.457
out: 1
in: 0.827 0.828 0.644 0.026 0.248 0.479 0.081
out: 1
in: 0.887 0.35 0.407 0.908 0.693 0.994 0.592
out: 1
in: 0.01 0.835 0.359 0.431 0.107 0.158 0.043
out: 1
in: 0.469 0.017 0.855 0.073 0.296 0.395 0.995
out: 1
in: 0.367 0.04 0.513 0.275 0.545 0.624 0.749
out: 1
in: 0.845 0.401 0.438 0.422 0.501 0.169 0.001
out: 1
in: 0.432 0.203 0.618 0.476 0.065 0.554 0.032
out: 1
in: 0.696 0.28 0.283 0.033 0.302 0.984 0.345
out: 1
in: 0.864 0.346 0.411 0.454 0.732 0.461 0.54
out: 1
in: 0.501 0.836 0.088 0.079 0.774 0.905 0.77
out: 1
in: 0.136 0.499 0.584 0.393 0.797 0.869 0.199
out: 1
in: 0.805 0.323 0.179 0.737 0.548 0.022 0.379
out: 1
in: 0.547 0.557 0.036 0.91 0.116 0.728 0.484
out: 1
in: 0.005 0.125 0.413 0.333 0.835 0.152 0.216
out: 1
in: 0.335 0.657 0.382 0.484 0.552 0.32 0.173
out: 1
in: 0.662 0.125 0.728 0.879 0.178 0.357 0.983
out: 1
in: 0.952 0.353 0.291 0.814 0.5 0.673 0.083
out: 1
in: 0.534 0.649 0.191 0.138 0.575 0.199 0.318
out: 1
in: 0.947 0.822 0.377 0.446 0.143 0.123 0.895
out: 1
in: 0.964 0.13 0.519 0.624 0.852 0.107 0.353
out: 1
in: 0.88 0.195 0.125 0.712 0.805 0.993 0.79
out: 1
in: 0.863 0.002 0.293 0.572 0.742 0.047 0.694
out: 1
in: 0.875 0.141 0.406 0.314 0.396 0.903 0.984
out: 1
in: 0.393 0.092 0.163 0.873 0.355 0.253 0.256
out: 1
in: 0.039 0.186 0.197 0.352 0.525 0.774 0.093
out: 1
in: 0.773 0.055 0.312 0.564 0.844 0.768 0.166
out: 1
in: 0.999 0.531 0.058 0.981 0.955 0.13 0.739
out: 1
in: 0.878 0.533 0.692 0.992 0.208 0.65 0.602
out: 1
in: 0.904 0.552 0.21 0.435 0.732 0.66 0.014
out: 1
in: 0.705 0.465 0.403 0.9 0.851 0.898 0.683
out: 1
in: 0.281 0.42 0.095 0.357 0.07 0.629 0.547
out: 1
in: 0.409 0.496 0.714 0.215 0.052 0.159 0.323
out: 1
in: 0.714 0.378 0.322 0.572 0.591 0.213 0.84
out: 1
in: 0.149 0.084 0.354 0.273 0.234 0.672 0.42
out: 1
in: 0.52 0.151 0.701 0.688 0.268 0.263 0.669
out: 1
in: 0.088 0.718 0.491 0.338 0.326 0.218 0.066
out: 1
in: 0.696 0.385 0.137 0.404 0.327 0.333 0.937
out: 1
in: 0.719 0.734 0.035 0.499 0.342 0.234 0.206
out: 1
in: 0.502 0.833 0.213 0.633 0.46 0.749 0.359
out: 1
in: 0.332 0.694 0.48 0.655 0.954 0.665 0.968
out: 1
in: 0.283 0.26 0.858 0.834 0.109 0.939 0.061
out: 1
in: 0.185 0.741 0.012 0.686 0.195 0.594 0.813
out: 1
in: 0.172 0.933 0.65 0.859 0.709 0.106 0.834
out: 1
in: 0.205 0.907 0.587 0.107 0.885 0.009 0.798
out: 1
in: 0.976 0.098 0.655 0.311 0.783 0.984 0.825
out: 1
in: 0.967 0.209 0.675 0.446 0.439 0.662 0.05
out: 1
in: 0.028 0.405 0.614 0.305 0.665 0.176 0.716
out: 1
in: 0.238 0.379 0.326 0.136 0.584 0.063 0.047
out: 1
in: 0.077 0.024 0.366 0.185 0.256 0.246 0.755
out: 1
in: 0.079 0.904 0.822 0.734 0.343 0.062 0.188
out: 1
in: 0.622 0.289 0.284 0.777 0.829 0.937 0.533
out: 1
in: 0.427 0.301 0.757 0.892 0.851 0.116 0.51
out: 1
in: 0.756 0.121 0.007 0.561 0.449 0.301 0.456
out: 1
in: 0.033 0.564 0.197 0.757 0.143 0.812 0.818
out: 1
in: 0.496 0.645 0.707 0.762 0.877 0.116 0.837
out: 1
in: 0.417 0.119 0.64 0.432 0.729 0.515 0.41
out: 1
in: 0.794 0.202 0.546 0.682 0.162 0.233 0.225
out: 1
in: 0.61 0.993 0.606 0.42 0.616 0.418 0.518
out: 1
in: 0.175 0.22 0.656 0.711 0.489 0.517 0.863
out: 1
in: 0.967 0.553 0.066 0.045 0.882 0.829 0.217
out: 1
in: 0.585 0.958 0.321 0.216 0.755 0.916 0.718
out: 1
in: 0.108 0.681 0.308 0.385 0.761 0.639 0.58
out: 1
in: 0.431 0.012 0.521 0.58 0.02 0.052 0.018
out: 1
in: 0.918 0.809 0.148 0.587 0.863 0.107 0.394
out: 1
in: 0.136 0.054 0.079 0.275 0.005 0.879 0.461
out: 1
in: 0.634 0.575 0.599 0.942 0.575 0.218 0.59
out: 1
in: 0.534 0.042 0.209 0.196 0.029 0.811 0.999
out: 1
in: 0.626 0.827 0.159 0.616 0.801 0.819 0.796
out: 1
in: 0.245 0.426 0.579 0.329 0.044 0.175 0.257
out: 1
in: 0.613 0.276 0.407 0.955 0.663 0.202 0.26
out: 1
in: 0.101 0.738 0.919 0.399 0.254 0.478 0.374
out: 1
in: 0.212 0.449 0.402 0.063 0.713 0.847 0.5
out: 1
in: 0.591 0.764 0.908 0.994 0.638 0.372 0.549
out: 1
in: 0.981 0.056 0.003 0.802 0.417 0.821 0.15
out: 1
in: 0.175 0.542 0.986 0.307 0.362 0.727 0.545
out: 1
in: 0.522 0.451 0.467 0.416 0.178 0.319 0.311
out: 1
in: 0.143 0.203 0.067 0.017 0.651 0.36 0.8
out: 1
in: 0.149 0.456 0.544 0.785 0.38 0.363 0.126
out: 1
in: 0.068 0.705 0.969 0.434 0.865 0.632 0.993
out: 1
in: 0.981 0.156 0.127 0.134 0.614 0.058 0.885
out: 1
in: 0.663 0.167 0.152 0.894 0.403 0.514 0.321
out: 1
in: 0.003 0.877 0.719 0.626 0.523 0.071 0.003
out: 1
in: 0.77 0.897 0.77 0.496 0.723 0.405 0.966
out: 1
in: 0.151 0.976 0.161 0.075 0.179 0.311 0.142
out: 1
in: 0.359 0.168 0.626 0.114 0.267 0.481 0.076
out: 1
in: 0.489 0.785 0.191 0.519 0.259 0.315 0.365
out: 1
in: 0.644 0.365 0.683 0.724 0.59 0.296 0.103
out: 1
in: 0.83 0.94 0.279 0.09 0.216 0.876 0.299
out: 1
in: 0.676 0.44 0.666 0.761 0.062 0.023 0.624
out: 1
in: 0.208 0.633 0.686 0.622 0.726 0.449 0.38
out: 1
in: 0.833 0.878 0.357 0.043 0.291 0.985 0.373
out: 1
in: 0.048 0.871 0.971 0.551 0.566 0.404 0.976
out: 1
in: 0.974 0.797 0.005 0.677 0.116 0.296 0.269
out: 1
in: 0.223 0.751 0.839 0.089 0.352 0.098 0.577
out: 1
in: 0.766 0.218 0.96 0.998 0.705 0.584 0.97
out: 1
in: 0.17 0.018 0.324 0.562 0.13 0.859 0.638
out: 1
in: 0.395 0.038 0.32 0.112 0.763 0.463 0.734
out: 1
in: 0.773 0.351 0.743 0.065 0.238 0.053 0.473
out: 1
in: 0.101 0.551 0.042 0.281 0.836 0.018 0.788
out: 1
in: 0.959 0.701 0.617 0.174 0.017 0.991 0.316
out: 1
in: 0.249 0.536 0.524 0.582 0.156 0.111 0.202
out: 1
in: 0.301 0.706 0.384 0.302 0.096 0.89 0.668
out: 1
in: 0.622 0.843 0.733 0.536 0.102 0.895 0.604
out: 1
in: 0.447 0.471 0.542 0.03 0.765 0.071 0.967
out: 1
in: 0.922 0.439 0.352 0.083 0.549 0.419 0.54
out: 1
in: 0.32 0.506 0.217 0.568 0.664 0.021 0.718
out: 1
in: 0.301 0.486 0.339 0.02 0.171 0.589 0.697
out: 1
in: 0.277 0.846 0.439 0.861 0.064 0.148 0.415
out: 1
in: 0.607 0.054 0.393 0.499 0.679 0.589 0.384
out: 1
in: 0.166 0.036 0.823 0.575 0.45 0.303 0.165
out: 1
in: 0.363 0.518 0.099 0.19 0.354 0.85 0.535
out: 1
in: 0.35 0.465 0.763 0.025 0.975 0.488 0.545
out: 1
in: 0.438 0.317 0.751 0.306 0.841 0.706 0.45
out: 1
in: 0.332 0.382 0.029 0.735 0.978 0.028 0.265
out: 1
in: 0.511 0.394 0.601 0.946 0.203 0.231 0.151
out: 1
in: 0.229 0.59 0.468 0.155 0.835 0.557 0.84
out: 1
in: 0.392 0.755 0.101 0.646 0.683 0.277 0.955
out: 1
in: 0.887 0.947 0.694 0.866 0.245 0.548 0.386
out: 1
in: 0.686 0.279 0.237 0.201 0.249 0.543 0.682
out: 1
in: 0.607 0.705 0.589 0.976 0.791 0.889 0.413
out: 1
in: 0.058 0.491 0.846 0.396 0.692 0.655 0.776
out: 1
in: 0.097 0.886 0.833 0.705 0.847 0.141 0.891
out: 1
in: 0.932 0.36 0.214 0.673 0.794 0.188 0.537
out: 1
in: 0.151 0.965 0.269 0.015 0.778 0.399 0.857
out: 1
in: 0.024 0.983 0.516 0.013 0.818 0.64 0.459
out: 1
in: 0.918 0.091 0.322 0.432 0.643 0.166 0.134
out: 1
in: 0.638 0.956 0.411 0.015 0.533 0.809 0.02
out: 1
in: 0.57 0.814 0.962 0.829 0.81 0.341 0.364
out: 1
in: 0.517 0.105 0.402 0.864 0.037 0.271 0.755
out: 1
in: 0.756 0.639 0.84 0.208 0.789 0.14 0.44
out: 1
in: 0.537 0.792 0.6 0.856 0.51 0.661 0.663
out: 1
in: 0.519 0.636 0.388 0.361 0.532 0.69 0.615
out: 1
in: 0.388 0.722 0.837 0.741 0.606 0.44 0.07
out: 1
in: 0.302 0.492 0.271 0.675 0.68 0.139 0.555
out: 1
in: 0.894 0.681 0.289 0.135 0.079 0.59 0.893
out: 1
in: 0.183 0.505 0.517 0.988 0.413 0.616 0.358
out: 1
in: 0.173 0.572 0.691 0.154 0.928 0.095 0.065
out: 1
in: 0.519 0.046 0.057 0.445 0.091 0.471 0.845
out: 1
in: 0.241 0.188 0.873 0.94 0.093 0.91 0.982
out: 1
in: 0.181 0.652 0.927 0.708 0.05 0.557 0.715
out: 1
in: 0.817 0.799 0.433 0.78 0.032 0.64 0.251
out: 1
in: 0.299 0.118 0.641 0.428 0.0 0.311 0.163
out: 1
in: 0.717 0.164 0.36 0.987 0.165 0.638 0.06
out: 1
in: 0.906 0.794 0.892 0.158 0.306 0.977 0.096
out: 1
in: 0.018 0.938 0.641 0.674 0.676 0.847 0.821
out: 1
in: 0.406 0.366 0.638 0.966 0.524 0.064 0.791
out: 1
in: 0.285 0.663 0.671 0.496 0.327 0.511 0.618
out: 1
in: 0.044 0.407 0.508 0.516 0.822 0.178 0.609
out: 1
in: 0.565 0.084 0.222 0.695 0.523 0.535 0.309
out: 1
in: 0.97 0.648 0.32 0.733 0.747 0.557 0.06
out: 1
in: 0.943 0.193 0.981 0.581 0.238 0.037 0.594
out: 1
in: 0.556 1.0 0.003 0.242 0.274 0.89 0.252
out: 1
in: 0.554 0.399 0.935 0.825 0.874 0.031 0.801
out: 1
in: 0.985 0.2 0.624 0.008 0.483 0.06 0.559
out: 1
in: 0.613 0.436 0.5 0.556 0.084 0.239 0.821
out: 1
in: 0.609 0.994 0.468 0.795 0.711 0.178 0.247
out: 1
in: 0.322 0.722 0.623 0.091 0.222 0.099 0.559
out: 1
in: 0.34 0.246 0.093 0.253 0.562 0.149 0.669
out: 1
in: 0.301 0.256 0.224 0.197 0.246 0.376 0.563
out: 1
in: 0.54 0.717 0.343 0.921 0.528 0.392 0.735
out: 1
in: 0.842 0.146 0.827 0.332 0.859 0.034 0.724
out: 1
in: 0.654 0.831 0.911 0.051 0.283 0.51 0.425
out: 1
in: 0.47 0.141 0.712 0.837 0.049 0.612 0.289
out: 1
in: 0.945 0.029 0.78 0.034 0.901 0.615 0.443
out: 1
in: 0.285 0.076 0.802 0.8 0.487 0.639 0.196
out: 1
in: 0.86 0.26 0.653 0.028 0.341 0.897 0.297
out: 1
in: 0.773 0.55 0.192 0.104 0.049 0.231 0.967
out: 1
in: 0.526 0.838 0.172 0.699 0.74 0.192 0.884
out: 1
in: 0.476 0.907 0.402 0.999 0.785 0.156 0.092
out: 1
in: 0.692 0.87 1.0 0.955 0.389 0.349 0.232
out: 1
in: 0.93 0.899 0.477 0.161 0.338 0.455 0.856
out: 1
in: 0.21 0.113 0.558 0.575 0.638 0.167 0.644
out: 1
in: 0.954 0.812 0.765 0.121 0.106 0.597 0.822
out: 1
in: 0.572 0.322 0.981 0.432 0.142 0.987 0.118
out: 1
in: 0.828 0.294 0.1 0.825 0.01 0.759 0.066
out: 1
in: 0.276 0.572 0.355 0.282 0.857 0.237 0.372
out: 1
in: 0.716 0.751 0.499 0.937 0.982 0.814 0.802
out: 1
in: 0.801 0.442 0.594 0.145 0.66 0.616 0.892
out: 1
in: 0.326 0.185 0.824 0.473 0.946 0.143 0.043
out: 1
in: 0.88 0.584 0.298 0.025 0.467 0.232 0.635
out: 1
in: 0.041 0.34 0.825 0.662 0.993 0.439 0.055
out: 1
in: 0.28 0.167 0.338 0.998 0.363 0.329 0.035
out: 1
in: 0.099 0.309 0.116 0.538 0.73 0.693 0.275
out: 1
in: 0.885 0.613 0.269 0.507 0.191 0.291 0.58
out: 1
in: 0.411 0.8 0.623 0.623 0.182 0.456 0.122
out: 1
in: 0.018 0.217 0.611 0.716 0.755 0.485 0.18
out: 1
in: 0.319 0.286 0.692 0.451 0.627 0.193 0.651
out: 1
in: 0.034 0.308 0.006 0.12 0.775 0.461 0.537
out: 1
in: 0.848 0.063 0.615 0.877 0.399 0.041 0.368
out: 1
in: 0.121 0.465 0.128 0.225 0.402 0.17 0.029
out: 1
in: 0.883 0.866 0.15 0.592 0.176 0.874 0.351
out: 1
in: 0.466 0.709 0.471 0.793 0.665 0.516 0.551
out: 1
in: 0.622 0.726 0.447 0.789 0.749 0.538 0.326
out: 1
in: 0.184 0.02 0.645 0.945 0.406 0.073 0.384
out: 1
in: 0.055 0.713 0.468 0.538 0.213 0.703 0.93
out: 1
in: 0.785 0.984 0.518 0.206 0.689 0.568 0.151
out: 1
in: 0.725 0.242 0.305 0.783 0.532 0.126 0.004
out: 1
in: 0.056 0.819 0.82 0.714 0.878 0.414 0.743
out: 1
in: 0.571 0.825 0.1 0.705 0.066 0.516 0.414
out: 1
in: 0.363 0.669 0.909 0.703 0.267 0.184 0.29
out: 1
in: 0.328 0.623 0.642 0.901 0.706 0.457 0.899
out: 1
in: 0.486 0.566 0.272 0.103 0.452 0.449 0.441
out: 1
in: 0.559 0.445 0.818 0.547 0.121 0.092 0.13
out: 1
in: 0.212 0.349 0.062 0.842 0.219 0.535 0.083
out: 1
in: 0.289 0.965 0.814 0.172 0.763 0.773 0.533
out: 1
in: 0.862 0.806 0.932 0.057 0.643 0.488 0.194
out: 1
in: 0.11 0.463 0.383 0.509 0.072 0.143 0.343
out: 1
in: 0.497 0.178 0.632 0.326 0.775 0.85 0.296
out: 1
in: 0.663 0.511 0.338 0.294 0.727 0.183 0.933
out: 1
in: 0.357 0.718 0.688 0.193 0.745 0.103 0.637
out: 1
in: 0.853 0.667 0.447 0.515 0.506 0.976 0.115
out: 1
in: 0.466 0.019 0.303 0.374 0.015 0.778 0.332
out: 1
in: 0.475 0.335 0.415 0.301 0.895 0.492 0.526
out: 1
in: 0.729 0.586 0.834 0.579 0.096 0.145 0.58
out: 1
in: 0.144 0.477 0.195 0.816 0.393 0.756 0.9
out: 1
in: 0.391 0.515 0.957 0.7 0.949 0.683 0.395
out: 1
in: 0.25 0.982 0.212 0.014 0.733 0.042 0.857
out: 1
in: 0.671 0.063 1.0 0.649 0.579 0.734 0.941
out: 1
in: 0.57 0.756 0.942 0.111 0.115 0.638 0.531
out: 1
in: 0.905 0.454 0.534 0.081 0.556 0.818 0.842
out: 1
in: 0.937 0.615 0.718 0.986 0.895 0.439 0.623
out: 1
in: 0.326 0.03 0.944 0.971 0.981 0.973 0.512
out: 1
in: 0.381 0.614 0.118 0.489 0.685 0.118 0.414
out: 1
in: 0.393 0.379 0.802 0.324 0.435 0.046 0.828
out: 1
in: 0.954 0.454 0.799 0.214 0.843 0.555 0.353
out: 1
in: 0.668 0.75 0.621 0.682 0.622 0.91 0.415
out: 1
in: 0.153 0.609 0.262 0.276 0.155 0.54 0.203
out: 1
in: 0.939 0.545 0.83 0.17 0.699 0.971 0.848
out: 1
in: 0.95 0.264 0.414 0.639 0.989 0.443 0.51
out: 1
in: 0.655 0.541 0.003 0.054 0.683 0.303 0.441
out: 1
in: 0.004 0.122 0.562 0.603 0.637 0.05 0.28
out: 1
in: 0.318 0.368 0.903 0.815 0.727 0.895 0.055
out: 1
in: 0.172 0.011 0.376 0.726 0.544 0.749 0.292
out: 1
in: 0.012 0.986 0.796 0.299 0.57 0.742 0.252
out: 1
in: 0.956 0.498 0.503 0.742 0.587 0.39 0.218
out: 1
in: 0.3 0.148 0.597 0.862 0.925 0.549 0.242
out: 1
in: 0.635 0.201 0.448 0.026 0.441 0.746 0.153
out: 1
in: 0.889 0.547 0.207 0.733 0.634 0.993 0.5
out: 1
in: 0.902 0.879 0.653 0.003 0.1 0.735 0.662
out: 1
in: 0.931 0.999 0.572 0.437 0.739 0.87 0.138
out: 1
in: 0.635 0.794 0.599 0.9 0.728 0.761 0.663
out: 1
in: 0.045 0.952 0.576 0.481 0.23 0.329 0.891
out: 1
in: 0.0 0.611 0.856 0.574 0.964 0.361 0.633
out: 1
in: 0.879 0.381 0.491 0.374 0.279 0.464 0.529
out: 1
in: 0.875 0.601 0.322 0.831 0.785 0.965 0.218
out: 1
in: 0.27 0.703 0.274 0.206 0.219 0.528 0.041
out: 1
in: 0.583 0.109 0.641 0.201 0.829 0.246 0.611
out: 1
in: 0.049 0.108 0.147 0.872 0.05 0.572 0.342
out: 1
in: 0.441 0.663 0.375 0.769 0.413 0.212 0.671
out: 1
in: 0.517 0.226 0.152 0.121 0.132 0.677 0.439
out: 1
in: 0.323 0.366 0.68 0.253 0.39 0.609 0.759
out: 1
in: 0.528 0.113 0.464 0.416 0.873 0.989 0.741
out: 1
in: 0.212 0.904 0.479 0.103 0.673 0.574 0.487
out: 1
in: 0.293 0.693 0.497 0.209 0.149 0.887 0.833
out: 1
in: 0.612 0.4 0.571 0.564 0.469 0.716 0.353
out: 1
in: 0.353 0.01 0.846 0.648 0.086 0.022 0.736
out: 1
in: 0.328 0.068 0.366 0.659 0.401 0.661 0.929
out: 1
in: 0.409 0.613 0.551 0.217 0.15 0.472 0.664
out: 1
in: 0.113 0.909 0.309 0.416 0.413 0.819 0.513
out: 1
in: 0.956 0.447 0.344 0.226 0.498 0.607 0.016
out: 1
in: 0.485 0.918 0.335 0.728 0.996 0.525 0.837
out: 1
in: 0.411 0.648 0.525 0.551 0.369 0.986 0.566
out: 1
in: 0.078 0.169 0.527 0.57 0.327 0.418 0.858
out: 1
in: 0.841 0.723 0.214 0.767 0.63 0.313 0.725
out: 1
in: 0.769 0.059 0.304 0.424 0.286 0.43 0.073
out: 1
in: 0.283 0.775 0.765 0.667 0.258 0.067 0.301
out: 1
in: 0.864 0.104 0.897 0.835 0.017 0.117 0.501
out: 1
in: 0.725 0.919 0.714 0.407 0.829 0.41 0.928
out: 1
in: 0.898 0.991 0.94 0.155 0.69 0.005 0.015
out: 1
in: 0.13 0.52 0.506 0.33 0.82 0.248 0.104
out: 1
in: 0.361 0.281 0.814 0.821 0.163 0.422 0.53
out: 1
in: 0.434 0.864 0.923 0.286 0.988 0.232 0.384
out: 1
in: 0.58 0.383 0.831 0.159 0.389 0.776 0.577
out: 1
in: 0.09 0.033 0.07 0.794 0.732 0.934 0.112
out: 1
in: 0.959 0.117 0.513 0.178 0.459 0.271 0.637
out: 1
in: 0.074 0.985 0.171 0.911 0.894 0.114 0.605
out: 1
in: 0.32 0.269 0.34 0.982 0.518 0.791 0.588
out: 1
in: 0.97 0.69 0.357 0.387 0.538 0.746 0.175
out: 1
in: 0.66 0.429 0.577 0.503 0.029 0.331 0.741
out: 1
in: 0.596 0.387 0.973 0.377 0.49 0.141 0.895
out: 1
in: 0.482 0.969 0.917 0.819 0.427 0.009 0.547
out: 1
in: 0.05 0.309 0.785 0.974 0.173 0.567 0.993
out: 1
in: 0.568 0.21 0.201 0.571 0.782 0.613 0.554
out: 1
in: 0.158 0.364 0.804 0.288 0.277 0.532 0.731
out: 1
in: 0.085 0.923 0.267 0.753 0.891 0.445 0.035
out: 1
in: 0.62 0.94 0.544 0.22 0.143 0.85 0.088
out: 1
in: 0.463 0.144 0.576 0.311 0.803 0.931 0.735
out: 1
in: 0.685 0.368 0.15 0.843 0.431 0.247 0.459
out: 1
in: 0.068 0.287 0.36 0.148 0.024 0.984 0.83
out: 1
in: 0.552 0.29 0.763 0.489 0.122 0.088 0.234
out: 1
in: 0.506 0.863 0.664 0.341 0.941 0.638 0.078
out: 1
in: 0.922 0.121 0.054 0.367 0.129 0.628 0.274
out: 1
in: 0.873 0.512 0.077 0.455 0.843 0.968 0.138
out: 1
in: 0.192 0.988 0.431 0.951 0.902 0.214 0.088
out: 1
in: 0.295 0.273 0.582 0.453 0.143 0.962 0.987
out: 1
in: 0.941 0.108 0.208 0.708 0.061 0.454 0.663
out: 1
in: 0.334 0.528 0.063 0.978 0.12 0.813 0.389
out: 1
in: 0.423 0.193 0.101 0.407 0.202 0.256 0.793
out: 1
in: 0.437 0.425 0.797 0.069 0.376 0.626 0.138
out: 1
in: 0.489 0.639 0.489 0.079 0.29 0.503 0.85
out: 1
in: 0.261 0.729 0.908 0.885 0.69 0.683 0.191
out: 1
in: 0.686 0.051 0.426 0.127 0.166 0.494 0.905
out: 1
in: 0.626 0.619 0.11 0.48 0.706 0.482 0.85
out: 1
in: 0.163 0.357 0.955 0.81 0.986 0.881 0.226
out: 1
in: 0.114 0.737 0.2 0.892 0.327 0.702 0.769
out: 1
in: 0.701 0.544 0.646 0.988 0.743 0.808 0.198
out: 1
in: 0.224 0.877 0.437 0.798 0.082 0.093 0.241
out: 1
in: 0.136 0.216 0.797 0.115 0.643 0.701 0.628
out: 1
in: 0.883 0.669 0.154 0.559 0.511 0.417 0.717
out: 1
in: 0.495 0.892 0.824 0.899 0.611 0.656 0.057
out: 1
in: 0.57 0.618 0.414 0.78 0.486 0.027 0.651
out: 1
in: 0.458 0.756 0.388 0.443 0.32 0.902 0.027
out: 1
in: 0.065 0.977 0.683 0.108 0.662 0.779 0.468
out: 1
in: 0.372 0.175 0.645 0.692 0.899 0.058 0.717
out: 1
in: 0.584 0.611 0.421 0.351 0.04 0.517 0.85
out: 1
in: 0.42 0.771 0.563 0.897 0.89 0.374 0.439
out: 1
in: 0.476 0.806 0.455 0.231 0.309 0.26 0.976
out: 1
in: 0.916 0.345 0.029 0.889 0.99 0.737 0.474
out: 1
in: 0.654 0.104 0.711 0.323 0.376 0.104 0.288
out: 1
in: 0.343 0.356 0.627 0.724 0.514 0.067 0.6
out: 1
in: 0.481 0.64 0.626 0.997 0.035 0.486 0.093
out: 1
in: 0.365 0.963 0.573 0.361 0.913 0.852 0.125
out: 1
in: 0.231 0.926 0.799 0.688 0.419 0.091 0.201
out: 1
in: 0.195 0.078 0.7 0.653 0.797 0.306 0.561
out: 1
in: 0.625 0.853 0.086 0.058 0.804 0.049 0.683
out: 1
in: 0.37 0.715 0.091 0.75 0.101 0.852 0.837
out: 1
in: 0.772 0.782 0.731 0.013 0.675 0.565 0.965
out: 1
in: 0.078 0.662 0.693 0.184 0.806 0.921 0.623
out: 1
in: 0.758 0.076 0.778 0.063 0.919 0.227 0.82
out: 1
in: 0.32 0.029 0.758 0.711 0.177 0.149 0.437
out: 1
in: 0.393 0.577 0.053 0.582 0.349 0.372 0.546
out: 1
in: 0.58 0.539 0.1 0.407 0.644 0.312 0.109
out: 1
